update,transitions,mean_reward,mean_length,loss,policy_loss,value_loss,entropy,gradient_norm,fruit_rate,wall_rate,self_bite_rate,win_rate
1,1024,-0.012597656808793545,1.078125,0.0005980310961604118,-5.0090253353118896e-05,0.029022112488746643,1.3862935304641724,0.25758424401283264,0.013671875,0.1767578125,0.0087890625,0.0
2,2048,-0.008496093563735485,1.171875,-0.0003373716026544571,-0.000472385436296463,0.02799559012055397,1.3862781524658203,0.18045391142368317,0.0234375,0.1728515625,0.0146484375,0.0
3,3072,-0.01406249962747097,1.078125,-0.006717116571962833,-0.0002847239375114441,0.014860190451145172,1.3862488269805908,0.09369940310716629,0.0166015625,0.1826171875,0.0205078125,0.0
4,4096,-0.0185546875,1.015625,-0.009075348265469074,-0.0013889111578464508,0.01235177181661129,1.3862323760986328,0.1067667081952095,0.009765625,0.20703125,0.013671875,0.0
5,5120,-0.01630859449505806,1.046875,-0.008516589179635048,-0.0019155777990818024,0.014522457495331764,1.3862240314483643,0.1466684639453888,0.013671875,0.2080078125,0.01171875,0.0
6,6144,-0.01455078087747097,1.0625,-0.008342894725501537,-0.002086794003844261,0.01521194539964199,1.3862073421478271,0.1399277299642563,0.0126953125,0.1875,0.0107421875,0.0
7,7168,-0.012109375558793545,1.109375,-0.005992666818201542,-0.0024486854672431946,0.020635873079299927,1.3861918449401855,0.13168512284755707,0.0234375,0.205078125,0.0166015625,0.0
8,8192,-0.011523437686264515,1.0625,-0.008885896764695644,-0.0030082613229751587,0.015968356281518936,1.386181354522705,0.09571307897567749,0.01953125,0.17578125,0.0185546875,0.0
9,9216,-0.01396484300494194,1.046875,-0.009491011500358582,-0.0028576646000146866,0.014456765726208687,1.3861730098724365,0.13018524646759033,0.0185546875,0.1953125,0.0185546875,0.0
10,10240,-0.01386718824505806,1.171875,-0.008769660256803036,-0.0030177049338817596,0.016218848526477814,1.3861379623413086,0.09205811470746994,0.0185546875,0.2119140625,0.009765625,0.0
11,11264,-0.013378906063735485,1.046875,-0.011786798015236855,-0.005186498165130615,0.014521364122629166,1.3860982656478882,0.0798179879784584,0.021484375,0.1884765625,0.0263671875,0.0
12,12288,-0.01181640662252903,1.09375,-0.013149823062121868,-0.004882326349616051,0.011186322197318077,1.3860658407211304,0.08314929902553558,0.0166015625,0.17578125,0.0126953125,0.0
13,13312,-0.01611328125,1.09375,-0.012590708211064339,-0.006070410832762718,0.014679758809506893,1.3860177993774414,0.11587276309728622,0.017578125,0.2158203125,0.0166015625,0.0
14,14336,-0.01308593712747097,1.03125,-0.014126606285572052,-0.005839966237545013,0.011146703734993935,1.3859992027282715,0.09692519903182983,0.017578125,0.177734375,0.0205078125,0.0
15,15360,-0.01230468787252903,1.0625,-0.014437196776270866,-0.006775957532227039,0.0123966746032238,1.3859577178955078,0.10642162710428238,0.0126953125,0.1650390625,0.0107421875,0.0
16,16384,-0.013476562686264515,1.109375,-0.014992136508226395,-0.008489742875099182,0.014712556265294552,1.3858671188354492,0.1219993382692337,0.0205078125,0.2021484375,0.017578125,0.0
17,17408,-0.01923828199505806,1.0,-0.020285092294216156,-0.01128099113702774,0.009706715121865273,1.3857460021972656,0.13170374929904938,0.01171875,0.2177734375,0.0166015625,0.0
18,18432,-0.010449218563735485,1.09375,-0.016474802047014236,-0.009109290316700935,0.012983117252588272,1.385707139968872,0.09315469861030579,0.01953125,0.1748046875,0.013671875,0.0
19,19456,-0.013671875931322575,1.078125,-0.01890525221824646,-0.010989196598529816,0.011879615485668182,1.3855862617492676,0.10078465938568115,0.017578125,0.1875,0.0185546875,0.0
20,20480,-0.010937499813735485,1.0,-0.019475815817713737,-0.010842056944966316,0.010441994294524193,1.3854756355285645,0.11545992642641068,0.013671875,0.146484375,0.015625,0.0
21,21504,-0.01191406324505806,1.03125,-0.020513858646154404,-0.012229256331920624,0.011135997250676155,1.3852602243423462,0.10703542083501816,0.0166015625,0.1767578125,0.0126953125,0.0
22,22528,-0.01220703125,1.046875,-0.02032380923628807,-0.01396593451499939,0.014984624460339546,1.3850185871124268,0.1307370364665985,0.0205078125,0.1875,0.0185546875,0.0
23,23552,-0.01083984412252903,1.03125,-0.02486703172326088,-0.01581360213458538,0.009589113295078278,1.3847987651824951,0.09585287421941757,0.0166015625,0.158203125,0.0166015625,0.0
24,24576,-0.0107421875,1.046875,-0.02220209687948227,-0.013723760843276978,0.010733110830187798,1.3844892978668213,0.12719671428203583,0.015625,0.158203125,0.013671875,0.0
25,25600,-0.013183594681322575,1.015625,-0.028764478862285614,-0.019965074956417084,0.010086084716022015,1.384244680404663,0.1445285528898239,0.0146484375,0.17578125,0.0146484375,0.0
26,26624,-0.012011718936264515,1.0625,-0.025808824226260185,-0.018832683563232422,0.01372598297894001,1.383913278579712,0.12217888236045837,0.0185546875,0.185546875,0.013671875,0.0
27,27648,-0.01142578199505806,1.078125,-0.027291659265756607,-0.020249132066965103,0.013584502041339874,1.3834779262542725,0.12952518463134766,0.017578125,0.1708984375,0.015625,0.0
28,28672,-0.009667969308793545,1.078125,-0.029379460960626602,-0.021579256281256676,0.012060284614562988,1.3830347061157227,0.13090381026268005,0.017578125,0.1552734375,0.0146484375,0.0
29,29696,-0.004589843563735485,1.109375,-0.02605857141315937,-0.019618220627307892,0.014769289642572403,1.3824995756149292,0.11341097205877304,0.0263671875,0.134765625,0.021484375,0.0
30,30720,-0.01201171800494194,1.015625,-0.042150869965553284,-0.03287074714899063,0.009074792265892029,1.3817520141601562,0.15398910641670227,0.0166015625,0.16015625,0.021484375,0.0
31,31744,-0.006054687779396772,1.078125,-0.03414575755596161,-0.025703951716423035,0.010728821158409119,1.3806215524673462,0.11616312712430954,0.0166015625,0.1181640625,0.0126953125,0.0
32,32768,-0.00830078125,1.078125,-0.04016728326678276,-0.031574130058288574,0.010405431501567364,1.379586935043335,0.13662752509117126,0.021484375,0.1494140625,0.0205078125,0.0
33,33792,-0.007617187686264515,1.09375,-0.040897436439991,-0.0322263240814209,0.010230207815766335,1.3786216974258423,0.13732798397541046,0.0234375,0.15234375,0.0205078125,0.0
34,34816,-0.007128906436264515,1.046875,-0.04239334538578987,-0.03424268960952759,0.01125725731253624,1.3779284954071045,0.14876045286655426,0.0185546875,0.125,0.01953125,0.0
35,35840,-0.009960937313735485,1.0625,-0.051820602267980576,-0.042841363698244095,0.00957548525184393,1.3766982555389404,0.1796671450138092,0.013671875,0.146484375,0.0107421875,0.0
36,36864,-0.006542968563735485,1.125,-0.051809683442115784,-0.04329778999090195,0.010462475940585136,1.3743131160736084,0.17729024589061737,0.0185546875,0.1328125,0.0126953125,0.0
37,37888,-0.003027343889698386,1.09375,-0.034497328102588654,-0.028581693768501282,0.015618030913174152,1.3724650144577026,0.14658436179161072,0.0263671875,0.109375,0.0263671875,0.0
38,38912,-0.00927734375,1.03125,-0.06621918082237244,-0.0563061460852623,0.007567589171230793,1.369683027267456,0.20178751647472382,0.0078125,0.1123046875,0.009765625,0.0
39,39936,-0.004785156808793545,1.0625,-0.052019089460372925,-0.042910076677799225,0.009130503982305527,1.3674267530441284,0.1510886400938034,0.015625,0.1005859375,0.0126953125,0.0
40,40960,-0.006835937965661287,1.03125,-0.07299811393022537,-0.06274788826704025,0.006796638481318951,1.3648546934127808,0.21978001296520233,0.0146484375,0.1083984375,0.0166015625,0.0
41,41984,-0.00537109375,1.125,-0.060823410749435425,-0.051929544657468796,0.009436189197003841,1.3611960411071777,0.19610999524593353,0.0126953125,0.103515625,0.0068359375,0.0
42,43008,-0.00341796875,1.0625,-0.06440021842718124,-0.05584239959716797,0.010041981935501099,1.3578813076019287,0.16842053830623627,0.0166015625,0.083984375,0.0166015625,0.0
43,44032,-0.0008789063431322575,1.109375,-0.052727580070495605,-0.043436117470264435,0.008499568328261375,1.3541250228881836,0.129469633102417,0.0185546875,0.07421875,0.013671875,0.0
44,45056,0.0015624999068677425,1.046875,-0.05108894407749176,-0.04381982237100601,0.012449406087398529,1.3493825197219849,0.14509707689285278,0.0263671875,0.0615234375,0.02734375,0.0
45,46080,-0.0013671878259629011,1.078125,-0.06774699687957764,-0.058135002851486206,0.007662724703550339,1.3443360328674316,0.18365241587162018,0.017578125,0.0703125,0.015625,0.0
46,47104,-0.004589844029396772,1.0625,-0.0720445066690445,-0.062255531549453735,0.007204192690551281,1.3391070365905762,0.256693959236145,0.009765625,0.0732421875,0.0107421875,0.0
47,48128,-0.0015624999068677425,1.09375,-0.07070697844028473,-0.06159712374210358,0.008419988676905632,1.3319852352142334,0.15215283632278442,0.0185546875,0.0771484375,0.015625,0.0
48,49152,-0.004687499720603228,1.046875,-0.08184114843606949,-0.07120963931083679,0.00527033768594265,1.3266677856445312,0.22138653695583344,0.009765625,0.0703125,0.0126953125,0.0
49,50176,-0.004101562779396772,1.015625,-0.0909937247633934,-0.08006533235311508,0.004506920464336872,1.3181853294372559,0.22702333331108093,0.0087890625,0.0634765625,0.0107421875,0.0
50,51200,0.0020507811568677425,1.0625,-0.04389558732509613,-0.035184089094400406,0.0088269067928195,1.312495231628418,0.19203846156597137,0.0185546875,0.041015625,0.015625,0.0
51,52224,-0.0014648438664153218,1.015625,-0.09063109755516052,-0.07961428165435791,0.0040359944105148315,1.3034813404083252,0.17839780449867249,0.009765625,0.0419921875,0.0107421875,0.0
52,53248,0.0009765625,1.03125,-0.05146561935544014,-0.04159845784306526,0.006193895824253559,1.2964110374450684,0.22320495545864105,0.0166015625,0.0458984375,0.013671875,0.0
53,54272,0.001171874813735485,1.03125,-0.07366114109754562,-0.06372632831335068,0.005896986462175846,1.2883305549621582,0.20601877570152283,0.01171875,0.02734375,0.009765625,0.0
54,55296,-0.0011718750465661287,1.015625,-0.06456128507852554,-0.0537043958902359,0.0038539269007742405,1.2783851623535156,0.28823113441467285,0.0068359375,0.0322265625,0.0068359375,0.0
55,56320,0.0019531248835846782,1.03125,-0.03511751443147659,-0.02450694516301155,0.004096600227057934,1.2658867835998535,0.12017274647951126,0.009765625,0.013671875,0.0078125,0.0
56,57344,0.0021484375465661287,1.09375,-0.024544136598706245,-0.01522286981344223,0.006486300379037857,1.2564417123794556,0.2715609669685364,0.0126953125,0.0263671875,0.0078125,0.0
57,58368,0.0012695312034338713,1.0,-0.046509161591529846,-0.036022014915943146,0.004185870289802551,1.258008360862732,0.16301771998405457,0.0107421875,0.013671875,0.013671875,0.0
58,59392,0.0002929687616415322,1.03125,-0.06760509312152863,-0.05697425827383995,0.0036041531711816788,1.2432912588119507,0.18069379031658173,0.0068359375,0.021484375,0.0048828125,0.0
59,60416,0.00048828116268850863,1.0625,-0.020555611699819565,-0.009956799447536469,0.0036312055308371782,1.2414414882659912,0.16251125931739807,0.0068359375,0.01953125,0.0048828125,0.0
60,61440,0.0036132812965661287,1.0625,-0.017276866361498833,-0.007961448282003403,0.00617596972733736,1.2403403520584106,0.12545907497406006,0.0146484375,0.01171875,0.0126953125,0.0
61,62464,0.0016601562965661287,1.03125,-0.03254243731498718,-0.022566821426153183,0.004620360676199198,1.2285797595977783,0.24118849635124207,0.01171875,0.0166015625,0.0126953125,0.0
62,63488,0.0015625000232830644,1.03125,-0.04082981497049332,-0.030434805899858475,0.0036731141153723,1.223156452178955,0.17808552086353302,0.009765625,0.013671875,0.009765625,0.0
63,64512,0.003320312360301614,1.0625,0.01709797978401184,0.027157563716173172,0.004312841221690178,1.2216005325317383,0.12843358516693115,0.01171875,0.005859375,0.009765625,0.0
64,65536,0.0010742187732830644,1.015625,-0.01880202814936638,-0.007843408733606339,0.002512684091925621,1.2214961051940918,0.2335447371006012,0.0078125,0.0087890625,0.009765625,0.0
65,66560,0.0005859374068677425,1.0,-0.03938457742333412,-0.028978794813156128,0.0034789759665727615,1.2145271301269531,0.23907913267612457,0.0087890625,0.0205078125,0.0087890625,0.0
66,67584,0.0026367187965661287,1.015625,-0.009266635403037071,0.0004679486155509949,0.004740340635180473,1.2104754447937012,0.28071045875549316,0.01171875,0.0126953125,0.009765625,0.0
67,68608,0.0011718750465661287,1.015625,0.0010667769238352776,0.012184747494757175,0.001847496721893549,1.204171895980835,0.22645069658756256,0.0048828125,0.0029296875,0.0048828125,0.0
68,69632,-0.0008789062849245965,1.0,-0.023006398230791092,-0.011394107714295387,0.0008811942534521222,1.2052888870239258,0.25693729519844055,0.0,0.0068359375,0.0009765625,0.0
69,70656,0.001171874813735485,1.015625,-0.02913103625178337,-0.018538694828748703,0.002695450559258461,1.1940065622329712,0.28504735231399536,0.0078125,0.013671875,0.0068359375,0.0
70,71680,0.0015624999068677425,1.03125,-0.003723300062119961,0.006672520190477371,0.003000799100846052,1.1896220445632935,0.23280225694179535,0.005859375,0.005859375,0.00390625,0.0
71,72704,0.0029296875,1.03125,0.012396974489092827,0.021582607179880142,0.005445886868983507,1.1908576488494873,0.19278253614902496,0.01171875,0.0078125,0.0107421875,0.0
72,73728,0.0007812501862645149,1.03125,-0.023623500019311905,-0.013140110298991203,0.0029184268787503242,1.1942603588104248,0.25439736247062683,0.0048828125,0.0068359375,0.0048828125,0.0
73,74752,9.765627328306437e-05,1.015625,-0.06904875487089157,-0.058639004826545715,0.0028613610193133354,1.1840431690216064,0.25130248069763184,0.0068359375,0.017578125,0.0078125,0.0
74,75776,0.003515625139698386,1.0,0.026310276240110397,0.03480083495378494,0.006735109258443117,1.1858112812042236,0.256978303194046,0.01171875,0.00390625,0.009765625,0.0
75,76800,-0.0003906249185092747,1.015625,-0.04124324023723602,-0.03023369237780571,0.0018720669904723763,1.1945581436157227,0.49154072999954224,0.0029296875,0.0146484375,0.001953125,0.0
76,77824,0.0010742187732830644,1.015625,0.02375352382659912,0.03395326808094978,0.0033308512065559626,1.1865168809890747,0.27064618468284607,0.005859375,0.0068359375,0.005859375,0.0
77,78848,0.0003906249185092747,1.015625,0.001006600446999073,0.011935532093048096,0.0020216885022819042,1.1939775943756104,0.21434694528579712,0.0048828125,0.0107421875,0.0048828125,0.0
78,79872,0.0002929687616415322,1.015625,-0.025003597140312195,-0.014390029013156891,0.00270223175175488,1.196468472480774,0.2799026072025299,0.0068359375,0.017578125,0.0068359375,0.0
79,80896,0.0034179689828306437,1.03125,-0.019134432077407837,-0.009969685226678848,0.005546512082219124,1.193800449371338,0.4074956774711609,0.0146484375,0.015625,0.01171875,0.0
80,81920,-9.765615686774254e-05,1.015625,-0.08090263605117798,-0.07026483863592148,0.0027839792892336845,1.2029788494110107,0.3547396659851074,0.0068359375,0.021484375,0.0068359375,0.0
81,82944,0.0023437500931322575,1.0625,-0.02225201576948166,-0.012483075261116028,0.004543596412986517,1.2040740251541138,0.359051376581192,0.0107421875,0.0166015625,0.0068359375,0.0
82,83968,0.0017578124534338713,1.046875,-0.03431357443332672,-0.024393685162067413,0.004098753444850445,1.1969268321990967,0.3232820928096771,0.0107421875,0.0166015625,0.009765625,0.0
83,84992,0.0005859374650754035,1.015625,-0.04994221404194832,-0.039411645382642746,0.0030075954273343086,1.2034367322921753,0.2664303183555603,0.0087890625,0.0185546875,0.009765625,0.0
84,86016,0.003515625139698386,1.09375,-0.009557103738188744,0.00016793608665466309,0.004576339386403561,1.2013208866119385,0.23848272860050201,0.0146484375,0.0185546875,0.009765625,0.0
85,87040,0.0005859374068677425,1.046875,-0.037918172776699066,-0.028693873435258865,0.005662478972226381,1.2055538892745972,0.13491332530975342,0.01171875,0.0234375,0.0146484375,0.0
86,88064,0.0004882813082076609,1.03125,-0.02593233808875084,-0.015110395848751068,0.0027313181199133396,1.2187601327896118,0.261573851108551,0.0078125,0.0185546875,0.0078125,0.0
87,89088,9.765627328306437e-05,1.015625,-0.0371071882545948,-0.027503926306962967,0.005062320735305548,1.213442087173462,0.2953410744667053,0.0107421875,0.033203125,0.009765625,0.0
88,90112,0.00048828125,1.0,-0.00063298549503088,0.010188885033130646,0.0024744337424635887,1.2059087753295898,0.28710538148880005,0.005859375,0.0107421875,0.0068359375,0.0
89,91136,-0.0007812500116415322,1.015625,-0.06107310950756073,-0.050590720027685165,0.0031349631026387215,1.2049872875213623,0.6658312082290649,0.005859375,0.02734375,0.0048828125,0.0
90,92160,-9.765627328306437e-05,1.015625,-0.01994188129901886,-0.009005798026919365,0.0022321268916130066,1.2052147388458252,0.5922397971153259,0.005859375,0.0185546875,0.005859375,0.0
91,93184,0.0011718751629814506,1.0,-0.0043361615389585495,0.006276991218328476,0.0027280356734991074,1.1977170705795288,0.26771456003189087,0.0068359375,0.0087890625,0.0068359375,0.0
92,94208,0.0016601562965661287,1.03125,-0.01581566222012043,-0.0056577324867248535,0.003580455668270588,1.194815754890442,0.4891471564769745,0.009765625,0.0185546875,0.0068359375,0.0
93,95232,-0.0007812500116415322,1.046875,-0.09256573021411896,-0.0826919749379158,0.003984607290476561,1.18660569190979,0.26872485876083374,0.0068359375,0.0302734375,0.005859375,0.0
94,96256,0.0004882813664153218,1.015625,-0.06071574613451958,-0.05012306571006775,0.0026149139739573,1.1900138854980469,0.3968099057674408,0.0068359375,0.017578125,0.005859375,0.0
95,97280,0.0008789061103016138,1.03125,-0.05823640152812004,-0.04825791344046593,0.0037292419001460075,1.1843106746673584,0.3315465450286865,0.0087890625,0.01953125,0.0078125,0.0
96,98304,0.001171874930150807,1.046875,-0.018886201083660126,-0.008568085730075836,0.0029662942979484797,1.1801261901855469,0.2707058787345886,0.0048828125,0.0048828125,0.00390625,0.0
97,99328,0.00039062497671693563,1.03125,-0.016860848292708397,-0.006536722183227539,0.0030503859743475914,1.184931993484497,0.27575957775115967,0.0048828125,0.0087890625,0.005859375,0.0
98,100352,0.001953125,1.03125,-0.03093646839261055,-0.021096758544445038,0.003891552798449993,1.178548812866211,0.24365723133087158,0.009765625,0.01171875,0.0087890625,0.0
99,101376,0.0019531246507540345,1.046875,-0.0013860845938324928,0.007966555655002594,0.004920319188386202,1.1812800168991089,0.19215203821659088,0.009765625,0.01171875,0.0087890625,0.0
100,102400,0.0,1.03125,-0.07219558954238892,-0.06210533156991005,0.003295217640697956,1.173786997795105,0.229558527469635,0.005859375,0.017578125,0.005859375,0.0
101,103424,-9.765625873114914e-05,1.015625,-0.03345388546586037,-0.022654809057712555,0.001937399385496974,1.176777720451355,0.27626174688339233,0.00390625,0.0107421875,0.0048828125,0.0
102,104448,0.00244140625,1.0625,-0.010956031270325184,-0.0015828423202037811,0.004767343867570162,1.1756861209869385,0.2272605150938034,0.01171875,0.0166015625,0.0087890625,0.0
103,105472,0.0011718750465661287,1.015625,-0.035190366208553314,-0.02578815072774887,0.004597467370331287,1.1700949668884277,0.4035940170288086,0.01171875,0.025390625,0.0107421875,0.0
104,106496,-9.765627328306437e-05,1.015625,-0.02268792688846588,-0.012073449790477753,0.0021197297610342503,1.1674342155456543,0.32511600852012634,0.005859375,0.0185546875,0.005859375,0.0
105,107520,0.0009765625,1.046875,-0.027812598273158073,-0.018141869455575943,0.003927910700440407,1.163468360900879,0.35301104187965393,0.005859375,0.013671875,0.0029296875,0.0
106,108544,-0.0002929687616415322,1.015625,-0.028599269688129425,-0.01817384734749794,0.002359674545004964,1.1605257987976074,0.4847143590450287,0.0048828125,0.013671875,0.0068359375,0.0
107,109568,0.0007812500698491931,1.0,-0.052446648478507996,-0.04222647100687027,0.0026204693131148815,1.1530410051345825,0.3593226969242096,0.005859375,0.009765625,0.005859375,0.0
108,110592,0.0005859375232830644,1.03125,-0.039419375360012054,-0.029771097004413605,0.003888495732098818,1.159252405166626,0.43519195914268494,0.0068359375,0.0185546875,0.0048828125,0.0
109,111616,0.0016601562965661287,1.046875,-0.002353467047214508,0.007111553102731705,0.00406540185213089,1.1497721672058105,0.39383816719055176,0.0068359375,0.0078125,0.0048828125,0.0
110,112640,0.0017578124534338713,1.015625,-0.014178600162267685,-0.0046334415674209595,0.003791138296946883,1.1440727710723877,0.38010624051094055,0.009765625,0.009765625,0.0107421875,0.0
111,113664,0.0027343749534338713,1.046875,-0.02674311026930809,-0.01841629669070244,0.006257986184209585,1.1455806493759155,0.21562455594539642,0.009765625,0.009765625,0.005859375,0.0
112,114688,0.0040039061568677425,1.046875,-0.016675321385264397,-0.007702745497226715,0.005037165246903896,1.1491159200668335,0.19308079779148102,0.0126953125,0.00390625,0.009765625,0.0
113,115712,0.00244140625,1.015625,-0.07219924032688141,-0.06250424683094025,0.00345453224144876,1.1422255039215088,0.204567551612854,0.01171875,0.0087890625,0.0126953125,0.0
114,116736,0.0044921874068677425,1.078125,-0.019218994304537773,-0.0113090630620718,0.006962668150663376,1.1391265392303467,0.27592307329177856,0.015625,0.009765625,0.01171875,0.0
115,117760,-0.0004882813082076609,1.015625,-0.049899790436029434,-0.039535921066999435,0.0025048619136214256,1.1616300344467163,0.31500017642974854,0.00390625,0.0126953125,0.005859375,0.0
116,118784,0.0023437500931322575,1.046875,-0.04160350561141968,-0.03280169516801834,0.005780833773314953,1.1692227125167847,0.27319425344467163,0.015625,0.029296875,0.0126953125,0.0
117,119808,0.002539062639698386,1.0625,-0.021824926137924194,-0.013436790555715561,0.006468461826443672,1.1622366905212402,0.3262680172920227,0.0126953125,0.0185546875,0.009765625,0.0
118,120832,0.0031250000465661287,1.0625,-0.014755177311599255,-0.006572514772415161,0.006886260583996773,1.1625792980194092,0.19990970194339752,0.0166015625,0.0185546875,0.0166015625,0.0
119,121856,-0.0005859375232830644,1.046875,-0.06105957552790642,-0.05124542862176895,0.00380322034470737,1.1715757846832275,0.43480247259140015,0.0068359375,0.0283203125,0.005859375,0.0
120,122880,0.0016601562965661287,1.046875,-0.027622099965810776,-0.01816684380173683,0.0044202907010912895,1.1665401458740234,0.29228460788726807,0.01171875,0.0224609375,0.009765625,0.0
121,123904,0.0002929687616415322,1.015625,-0.0022726869210600853,0.007613655179738998,0.003568753134459257,1.1670719385147095,0.3939446806907654,0.0078125,0.0166015625,0.009765625,0.0
122,124928,-0.0009765625,1.0,-0.07405279576778412,-0.0643223226070404,0.0038330962415784597,1.1647019386291504,0.5695541501045227,0.0078125,0.033203125,0.0078125,0.0
123,125952,-0.0007812501862645149,1.0,-0.05312240123748779,-0.04257912561297417,0.0020562137942761183,1.1571383476257324,0.5891538858413696,0.00390625,0.01953125,0.00390625,0.0
124,126976,0.00019531254656612873,1.0,-0.024679100140929222,-0.014191487804055214,0.0020871793385595083,1.1531202793121338,0.40337276458740234,0.00390625,0.009765625,0.00390625,0.0
125,128000,0.0002929687616415322,1.0,-0.053987421095371246,-0.04383956640958786,0.002830477897077799,1.1563092470169067,0.304507851600647,0.00390625,0.0107421875,0.0029296875,0.0
126,129024,0.0003906248603016138,1.0,-0.04337258264422417,-0.03332049399614334,0.0026451258454471827,1.137465238571167,0.5399661064147949,0.0068359375,0.0166015625,0.0068359375,0.0
127,130048,0.0015625000232830644,1.015625,-0.024392999708652496,-0.014273308217525482,0.0025383341126143932,1.1388859748840332,0.39119601249694824,0.0068359375,0.0068359375,0.005859375,0.0
128,131072,0.0030273436568677425,1.015625,-0.00981631875038147,-0.00039360299706459045,0.003986384253948927,1.1415908336639404,0.43154099583625793,0.0126953125,0.0078125,0.0126953125,0.0
129,132096,0.002832031110301614,1.015625,-0.01888217404484749,-0.011428143829107285,0.0077705392614007,1.133929967880249,0.1842736303806305,0.0087890625,0.005859375,0.0048828125,0.0
130,133120,0.0016601562965661287,1.046875,-0.015171214938163757,-0.005738530308008194,0.00400156993418932,1.1433470249176025,0.27012619376182556,0.0068359375,0.009765625,0.00390625,0.0
131,134144,0.0011718750465661287,1.015625,-0.013682875782251358,-0.00405401736497879,0.003440399654209614,1.1349058151245117,0.3151587247848511,0.0078125,0.0078125,0.009765625,0.0
132,135168,0.002636718563735485,1.015625,0.01553789246827364,0.025417953729629517,0.003119644708931446,1.1439883708953857,0.21325494349002838,0.009765625,0.0048828125,0.0087890625,0.0
133,136192,0.001953125,1.03125,-0.04128263145685196,-0.03249825909733772,0.005272250156849623,1.1420499086380005,0.33651551604270935,0.01171875,0.021484375,0.0087890625,0.0
134,137216,0.0032226562034338713,1.0625,-0.020548803731799126,-0.011925533413887024,0.005812503397464752,1.1529521942138672,0.37982964515686035,0.0166015625,0.021484375,0.0146484375,0.0
135,138240,0.00595703162252903,1.125,-0.043914154171943665,-0.03866415098309517,0.012620827183127403,1.1560416221618652,0.291026771068573,0.021484375,0.0224609375,0.0126953125,0.0
136,139264,0.0009765622671693563,1.0625,-0.056681372225284576,-0.04836028814315796,0.0064736828207969666,1.1557927131652832,0.36309298872947693,0.0107421875,0.0244140625,0.009765625,0.0
137,140288,-0.0009765625,1.0,-0.08601093292236328,-0.07645536959171295,0.003898466005921364,1.1504801511764526,0.43503886461257935,0.0068359375,0.0244140625,0.009765625,0.0
138,141312,0.0007812500698491931,1.03125,-0.06410031020641327,-0.05473768338561058,0.00431505311280489,1.1520154476165771,0.37660425901412964,0.0068359375,0.0166015625,0.0048828125,0.0
139,142336,-0.000390625064028427,1.015625,-0.026205377653241158,-0.0156378373503685,0.0018239675555378199,1.1479524374008179,0.32867002487182617,0.0029296875,0.0107421875,0.00390625,0.0
140,143360,0.0023437500931322575,1.03125,-0.023478999733924866,-0.014955505728721619,0.005881934426724911,1.1464462280273438,0.3396320641040802,0.009765625,0.009765625,0.0078125,0.0
141,144384,0.00039062503492459655,1.0,0.0012323958799242973,0.010904514230787754,0.003432333469390869,1.1388285160064697,0.24133051931858063,0.005859375,0.009765625,0.0078125,0.0
142,145408,0.0015625000232830644,1.03125,-0.017031822353601456,-0.007320957258343697,0.003372406354174018,1.1397069692611694,0.3752284646034241,0.0078125,0.01171875,0.005859375,0.0
143,146432,0.001953125,1.015625,-0.006165049970149994,0.0027522780001163483,0.004598280414938927,1.1216468811035156,0.4241369068622589,0.0087890625,0.0087890625,0.0078125,0.0
144,147456,0.0037109372206032276,1.0,-0.02902177721261978,-0.02041870728135109,0.0052673425525426865,1.1236742734909058,0.21487876772880554,0.0166015625,0.0126953125,0.0166015625,0.0
145,148480,0.0013671875931322575,1.0,-0.05092783644795418,-0.0411829948425293,0.003034653142094612,1.1262168884277344,0.24043212831020355,0.0048828125,0.0029296875,0.00390625,0.0
146,149504,0.0015625000232830644,1.0,-0.07248559594154358,-0.06250940263271332,0.0025447215884923935,1.1248557567596436,0.2819916605949402,0.0068359375,0.0087890625,0.0048828125,0.0
147,150528,0.0013671873603016138,1.015625,-0.017034979537129402,-0.006867934018373489,0.002239024732261896,1.1286557912826538,0.3536798357963562,0.0068359375,0.0087890625,0.005859375,0.0
148,151552,0.0020507811568677425,1.015625,-0.018092326819896698,-0.009131386876106262,0.004517907276749611,1.1219894886016846,0.23153340816497803,0.0087890625,0.0078125,0.0078125,0.0
149,152576,0.0013671873603016138,1.0,0.017023570835590363,0.02686317265033722,0.0030497529078274965,1.1364479064941406,0.2573775351047516,0.0078125,0.009765625,0.0078125,0.0
150,153600,0.0015625000232830644,1.015625,0.015107995830476284,0.0244918093085289,0.003937044180929661,1.1352335214614868,0.48245519399642944,0.0078125,0.009765625,0.0068359375,0.0
151,154624,0.00048828125,1.03125,-0.04518579691648483,-0.03513540327548981,0.002554619684815407,1.1327704191207886,0.43079397082328796,0.0068359375,0.017578125,0.005859375,0.0
152,155648,0.005078124813735485,1.0625,-0.006557310000061989,0.0015368163585662842,0.006217885296791792,1.1203069686889648,0.23130592703819275,0.0166015625,0.0087890625,0.01171875,0.0
153,156672,0.0044921874068677425,1.109375,-0.05708571895956993,-0.05059218779206276,0.009454062208533287,1.122056484222412,0.41652712225914,0.015625,0.009765625,0.01171875,0.0
154,157696,0.00244140625,1.03125,-0.017552455887198448,-0.008585482835769653,0.004583357833325863,1.1258652210235596,0.5845544934272766,0.0107421875,0.00390625,0.0126953125,0.0
155,158720,0.004101562313735485,1.046875,-0.05648195743560791,-0.04778628796339035,0.005057408474385738,1.1224372386932373,0.3966781795024872,0.0126953125,0.0029296875,0.009765625,0.0
156,159744,0.00449218787252903,1.03125,-0.03131656348705292,-0.023327335715293884,0.006526950281113386,1.1252702474594116,0.20210029184818268,0.015625,0.005859375,0.013671875,0.0
157,160768,0.006054687779396772,1.046875,-0.029469575732946396,-0.023025646805763245,0.009675893932580948,1.128187656402588,0.2789924144744873,0.017578125,0.00390625,0.01171875,0.0
158,161792,0.009082031436264515,1.109375,-0.02209646627306938,-0.016757138073444366,0.01153913140296936,1.1108893156051636,0.25707611441612244,0.02734375,0.0068359375,0.01953125,0.0
159,162816,-0.00039062503492459655,1.015625,-0.05509336292743683,-0.045177459716796875,0.0027648613322526217,1.1298331022262573,0.17433688044548035,0.005859375,0.009765625,0.01171875,0.0
160,163840,0.004589844029396772,1.03125,-0.022007275372743607,-0.01286085695028305,0.0043415166437625885,1.1317176818847656,0.20171643793582916,0.0166015625,0.005859375,0.015625,0.0
161,164864,0.00576171837747097,1.09375,-0.016165517270565033,-0.010036349296569824,0.010516311042010784,1.1387324333190918,0.20392701029777527,0.0166015625,0.00390625,0.0107421875,0.0
162,165888,0.003222656436264515,1.078125,-0.04425719380378723,-0.036909319460392,0.007906508632004261,1.130112886428833,0.3447771966457367,0.013671875,0.0146484375,0.0107421875,0.0
163,166912,0.0020507811568677425,1.015625,-0.04078866168856621,-0.031036511063575745,0.0033546672202646732,1.1429483890533447,0.23206155002117157,0.01171875,0.0107421875,0.013671875,0.0
164,167936,-0.0005859375232830644,1.0,-0.024309780448675156,-0.013812705874443054,0.0019150410080328584,1.1454594135284424,0.480525940656662,0.0029296875,0.0126953125,0.00390625,0.0
165,168960,0.0007812500698491931,1.03125,-0.032483141869306564,-0.022412121295928955,0.002740548923611641,1.1441295146942139,0.32617369294166565,0.005859375,0.013671875,0.00390625,0.0
166,169984,0.0005859375232830644,1.0,-0.0135677270591259,-0.003907032310962677,0.003657684428617358,1.1489536762237549,0.33163005113601685,0.0068359375,0.0126953125,0.0078125,0.0
167,171008,0.0002929687616415322,1.015625,0.009405562654137611,0.019675984978675842,0.0023225366603583097,1.1431690454483032,0.5018061995506287,0.0048828125,0.013671875,0.00390625,0.0
168,172032,0.0035156249068677425,1.0625,-0.022062068805098534,-0.013716906309127808,0.006187724880874157,1.1439025402069092,0.4200664460659027,0.013671875,0.015625,0.0087890625,0.0
169,173056,0.002148437313735485,1.046875,-0.004500488750636578,0.004636310040950775,0.0044836848974227905,1.137864112854004,0.6127103567123413,0.0126953125,0.0146484375,0.013671875,0.0
170,174080,0.0016601562965661287,1.015625,-0.04467054083943367,-0.035856395959854126,0.005064569413661957,1.1346430778503418,0.23872464895248413,0.01171875,0.0146484375,0.013671875,0.0
171,175104,0.0013671875931322575,1.015625,-0.041739560663700104,-0.032389551401138306,0.004126526415348053,1.1413272619247437,0.4111424684524536,0.009765625,0.015625,0.009765625,0.0
172,176128,0.004199218936264515,1.046875,-0.013141613453626633,-0.005619503557682037,0.007569342385977507,1.1306781768798828,0.2472907155752182,0.0146484375,0.009765625,0.0107421875,0.0
173,177152,0.005078124813735485,1.0625,-0.02930114045739174,-0.021847620606422424,0.007893333211541176,1.1400184631347656,0.29617053270339966,0.015625,0.005859375,0.0107421875,0.0
174,178176,0.005175781436264515,1.078125,-0.0025134440511465073,0.004297658801078796,0.009108325466513634,1.1365265846252441,0.3464081585407257,0.0185546875,0.01171875,0.0146484375,0.0
175,179200,0.00537109375,1.078125,-0.04356411099433899,-0.035849373787641525,0.007206426467746496,1.131795048713684,0.4372466504573822,0.01953125,0.0146484375,0.0146484375,0.0
176,180224,0.002246093936264515,1.046875,-0.03360755741596222,-0.024701107293367386,0.004879250656813383,1.1346075534820557,0.4614018201828003,0.0126953125,0.013671875,0.013671875,0.0
177,181248,0.00478515587747097,1.03125,-0.06795427203178406,-0.059594184160232544,0.005970815196633339,1.1345493793487549,0.5764108896255493,0.017578125,0.0126953125,0.013671875,0.0
178,182272,0.00429687462747097,1.046875,-0.01690560206770897,-0.0076825544238090515,0.004219758789986372,1.1332927942276,0.4228565990924835,0.015625,0.005859375,0.0146484375,0.0
179,183296,0.005859375,1.125,-0.05178859829902649,-0.0445111021399498,0.00825314037501812,1.1404067277908325,0.5205661058425903,0.021484375,0.017578125,0.015625,0.0
180,184320,0.01162109337747097,1.125,-0.046987228095531464,-0.0457543283700943,0.020225200802087784,1.134549856185913,0.27299797534942627,0.03515625,0.0107421875,0.0244140625,0.0
181,185344,0.0029296872671693563,1.0625,-0.041211821138858795,-0.03220608830451965,0.004814822226762772,1.1413145065307617,0.3470768630504608,0.0126953125,0.0068359375,0.013671875,0.0
182,186368,0.007617187686264515,1.1875,-0.052884541451931,-0.04789700731635094,0.01300019957125187,1.1487635374069214,0.33807551860809326,0.02734375,0.021484375,0.01953125,0.0
183,187392,-0.0005859375232830644,1.03125,-0.07361527532339096,-0.06521618366241455,0.0061309146694839,1.1464550495147705,0.34616202116012573,0.0078125,0.017578125,0.013671875,0.0
184,188416,0.0027343749534338713,1.109375,-0.0179939903318882,-0.010513648390769958,0.00800456665456295,1.148262619972229,0.521751344203949,0.0126953125,0.0205078125,0.0078125,0.0
185,189440,0.00029296858701854944,1.109375,-0.09155561029911041,-0.08408114314079285,0.007937964051961899,1.1443452835083008,0.49023059010505676,0.01171875,0.0400390625,0.0078125,0.0
186,190464,-0.0005859374650754035,1.046875,0.03429988771677017,0.04387843608856201,0.0036288166884332895,1.1392959356307983,0.5668314695358276,0.0048828125,0.0185546875,0.005859375,0.0
187,191488,0.0021484375465661287,1.0625,-0.026802921667695045,-0.02095232903957367,0.010982229374349117,1.1341707706451416,0.4085501432418823,0.013671875,0.03125,0.0078125,0.0
188,192512,0.0011718750465661287,1.078125,-0.020919136703014374,-0.013139698654413223,0.007302392274141312,1.1430635452270508,0.4189963638782501,0.009765625,0.025390625,0.005859375,0.0
189,193536,0.0010742187732830644,1.0625,-0.07008350640535355,-0.06278960406780243,0.008141225203871727,1.1364517211914062,0.41150760650634766,0.013671875,0.0322265625,0.0126953125,0.0
190,194560,0.0028320313431322575,1.09375,-0.04521747678518295,-0.03809354826807976,0.008318857289850712,1.12833571434021,0.3758114278316498,0.0126953125,0.021484375,0.0068359375,0.0
191,195584,0.0038085938431322575,1.09375,-0.038001932203769684,-0.031225109472870827,0.009042944759130478,1.1298294067382812,0.6743373870849609,0.01953125,0.0283203125,0.015625,0.0
192,196608,0.0022460937034338713,1.0625,-0.04299929738044739,-0.03516054153442383,0.007158786989748478,1.141814947128296,0.5980345606803894,0.013671875,0.0205078125,0.0126953125,0.0
193,197632,0.003124999813735485,1.125,-0.060135286301374435,-0.05226792022585869,0.007002705242484808,1.1368719339370728,0.2950139343738556,0.0146484375,0.0205078125,0.0107421875,0.0
194,198656,0.0035156249068677425,1.078125,-0.05748911574482918,-0.05017101764678955,0.008081495761871338,1.1358845233917236,0.3245052397251129,0.013671875,0.0078125,0.0126953125,0.0
195,199680,0.00673828087747097,1.171875,-0.06573518365621567,-0.06158536300063133,0.014287134632468224,1.1293390989303589,0.3503878116607666,0.0185546875,0.009765625,0.0078125,0.0
196,200704,0.005859375,1.125,-0.034717582166194916,-0.029824823141098022,0.012743273749947548,1.1264394521713257,0.5448486804962158,0.0234375,0.015625,0.021484375,0.0
197,201728,0.00839843787252903,1.109375,-0.08527965843677521,-0.08272483944892883,0.017249487340450287,1.117956280708313,0.3248129189014435,0.025390625,0.005859375,0.0185546875,0.0
198,202752,0.01767577975988388,1.203125,-0.07766518741846085,-0.08059098571538925,0.02812405489385128,1.113622784614563,0.3329427242279053,0.0498046875,0.01171875,0.0302734375,0.0
199,203776,0.01376953162252903,1.1875,-0.05882851034402847,-0.056674085557460785,0.018032805994153023,1.1170825958251953,0.3565512001514435,0.041015625,0.0048828125,0.03125,0.0
200,204800,0.004101562313735485,1.140625,-0.07401475310325623,-0.06745927035808563,0.0094755869358778,1.1293275356292725,0.20822414755821228,0.015625,0.009765625,0.013671875,0.0
201,205824,0.009570312686264515,1.140625,-0.05516353249549866,-0.05048656836152077,0.01307813823223114,1.12160325050354,0.35494086146354675,0.0322265625,0.0146484375,0.025390625,0.0
202,206848,0.01181640662252903,1.265625,-0.06348811089992523,-0.05997862666845322,0.015177115797996521,1.1098039150238037,0.3602319359779358,0.037109375,0.0185546875,0.0244140625,0.0
203,207872,0.009765625,1.109375,-0.10914342850446701,-0.10596661269664764,0.01607302948832512,1.121333122253418,0.3065514862537384,0.033203125,0.01171875,0.0283203125,0.0
204,208896,0.00908203050494194,1.203125,-0.0828883945941925,-0.078241728246212,0.013325516134500504,1.1309425830841064,0.2395056039094925,0.029296875,0.0166015625,0.01953125,0.0
205,209920,0.005078124813735485,1.0625,-0.10680413246154785,-0.10154956579208374,0.012032948434352875,1.1271045207977295,0.3413736820220947,0.0205078125,0.0244140625,0.013671875,0.0
206,210944,0.004687500186264515,1.09375,-0.05783101171255112,-0.05158250033855438,0.010241655632853508,1.1369340419769287,0.5016164779663086,0.01953125,0.0234375,0.013671875,0.0
207,211968,-0.0004882813664153218,1.0,-0.027649566531181335,-0.018427420407533646,0.004086639266461134,1.1265467405319214,0.37593701481819153,0.0068359375,0.01953125,0.009765625,0.0
208,212992,0.0003906249476131052,1.0,-0.06344743072986603,-0.054320141673088074,0.004656209610402584,1.1455397605895996,0.47538870573043823,0.0068359375,0.0185546875,0.005859375,0.0
209,214016,0.002050781389698386,1.0,0.0040561845526099205,0.012474866583943367,0.005915018264204264,1.137619137763977,0.4449327290058136,0.009765625,0.0126953125,0.0078125,0.0
210,215040,0.0068359375,1.109375,-0.004711690358817577,-0.0006242133677005768,0.0144606102257967,1.1317782402038574,0.4466208219528198,0.01953125,0.009765625,0.009765625,0.0
211,216064,0.00537109375,1.09375,-0.07176001369953156,-0.06568518280982971,0.010428829118609428,1.1289243698120117,0.22442364692687988,0.0185546875,0.01171875,0.013671875,0.0
212,217088,0.00791015662252903,1.09375,-0.0824698880314827,-0.07948896288871765,0.0165412500500679,1.1251544952392578,0.4001500904560089,0.029296875,0.0224609375,0.0224609375,0.0
213,218112,0.01601562462747097,1.21875,-0.07760686427354813,-0.07469064742326736,0.016406746581196785,1.111958622932434,0.5578436851501465,0.0439453125,0.0107421875,0.0244140625,0.0
214,219136,0.014453125186264515,1.234375,-0.10778692364692688,-0.10794607549905777,0.022135257720947266,1.0908474922180176,0.3990152180194855,0.0439453125,0.0166015625,0.029296875,0.0
215,220160,0.01923828199505806,1.375,-0.12066760659217834,-0.12003958225250244,0.020726043730974197,1.0991047620773315,0.32965871691703796,0.0537109375,0.013671875,0.03125,0.0
216,221184,0.01210937649011612,1.1875,-0.10723091661930084,-0.10479159653186798,0.01715368777513504,1.101616382598877,0.5050113797187805,0.044921875,0.021484375,0.041015625,0.0
217,222208,0.02871093712747097,1.546875,-0.1506577879190445,-0.15971247851848602,0.03957419469952583,1.0732417106628418,0.43973103165626526,0.0771484375,0.0185546875,0.0400390625,0.0
218,223232,0.03076171875,1.609375,-0.15177632868289948,-0.16021859645843506,0.03767276927828789,1.0394117832183838,0.3053275942802429,0.08984375,0.0263671875,0.0576171875,0.0
219,224256,0.0263671875,1.734375,-0.16291570663452148,-0.17226776480674744,0.039937712252140045,1.061679720878601,0.3856792151927948,0.078125,0.03515625,0.0458984375,0.0
220,225280,0.0185546875,1.359375,-0.16700878739356995,-0.170227512717247,0.027660993859171867,1.0611777305603027,0.42500194907188416,0.0615234375,0.0341796875,0.0439453125,0.0
221,226304,0.02695312350988388,1.65625,-0.14125877618789673,-0.14836689829826355,0.035318583250045776,1.055117130279541,0.4813147187232971,0.0771484375,0.0302734375,0.04296875,0.0
222,227328,0.0146484375,1.5,-0.13409638404846191,-0.13628417253494263,0.026024989783763885,1.0824713706970215,0.59184730052948,0.0498046875,0.0361328125,0.033203125,0.0
223,228352,0.015332031063735485,1.3125,-0.12064346671104431,-0.12194567918777466,0.024192240089178085,1.079391360282898,0.3845057189464569,0.0478515625,0.029296875,0.0283203125,0.0
224,229376,0.02060546912252903,1.421875,-0.1320808082818985,-0.13579285144805908,0.029012873768806458,1.0794398784637451,0.5158388018608093,0.05859375,0.0263671875,0.0302734375,0.0
225,230400,0.01562500186264515,1.28125,-0.13087661564350128,-0.13114847242832184,0.021924886852502823,1.0690581798553467,0.5678601264953613,0.0498046875,0.0283203125,0.0322265625,0.0
226,231424,0.01835937425494194,1.40625,-0.09088107943534851,-0.09411641955375671,0.02810082770884037,1.081507921218872,0.5917903184890747,0.0517578125,0.0185546875,0.0283203125,0.0
227,232448,0.01796874962747097,1.34375,-0.1197143942117691,-0.12222202122211456,0.026330245658755302,1.0657495260238647,0.47679632902145386,0.0537109375,0.0166015625,0.0361328125,0.0
228,233472,0.0302734375,1.6875,-0.12805262207984924,-0.13928300142288208,0.04324008524417877,1.0389659404754639,0.6122949719429016,0.0810546875,0.0244140625,0.0390625,0.0
229,234496,0.03515625,1.796875,-0.17044539749622345,-0.18227142095565796,0.04397762566804886,1.0162780284881592,0.472496896982193,0.0908203125,0.0166015625,0.04296875,0.0
230,235520,0.03759765625,1.953125,-0.18452808260917664,-0.19530466198921204,0.04169655963778496,1.0071697235107422,0.4394308924674988,0.1015625,0.0283203125,0.0517578125,0.0
231,236544,0.0458984375,2.46875,-0.18798694014549255,-0.2002044916152954,0.04386202245950699,0.9713454246520996,0.2672155797481537,0.1171875,0.03125,0.0478515625,0.0
232,237568,0.03759765625,1.9375,-0.19558069109916687,-0.21011883020401,0.04855397343635559,0.9738845825195312,0.33796125650405884,0.109375,0.0400390625,0.0654296875,0.0
233,238592,0.04863281175494194,2.15625,-0.221030592918396,-0.23253902792930603,0.04220682382583618,0.9594969749450684,0.3023526668548584,0.130859375,0.029296875,0.0693359375,0.0
234,239616,0.03828125074505806,2.171875,-0.2217804491519928,-0.23658576607704163,0.04901445657014847,0.970190167427063,0.428401917219162,0.1044921875,0.0224609375,0.05859375,0.0
235,240640,0.04179687798023224,2.046875,-0.2213510423898697,-0.2312546670436859,0.03942949324846268,0.9811118245124817,0.4850158393383026,0.111328125,0.02734375,0.0556640625,0.0
236,241664,0.03310546651482582,2.09375,-0.16502262651920319,-0.17233817279338837,0.03435468673706055,0.9861796498298645,0.7135323882102966,0.0947265625,0.03515625,0.0537109375,0.0
237,242688,0.04697265475988388,2.359375,-0.17935968935489655,-0.19335806369781494,0.04686673730611801,0.9435002207756042,0.7254193425178528,0.123046875,0.0322265625,0.056640625,0.0
238,243712,0.04951171949505806,2.328125,-0.1605551540851593,-0.17953276634216309,0.05645173415541649,0.9248260259628296,0.6636441349983215,0.1279296875,0.03125,0.056640625,0.0
239,244736,0.04384765401482582,2.125,-0.17888493835926056,-0.1943584531545639,0.04987143725156784,0.9462212324142456,0.7025659680366516,0.1240234375,0.044921875,0.068359375,0.0
240,245760,0.04755859449505806,2.25,-0.18791522085666656,-0.2041623890399933,0.05087614804506302,0.9190900921821594,0.598348081111908,0.119140625,0.0244140625,0.0478515625,0.0
241,246784,0.05605468899011612,2.53125,-0.1888318955898285,-0.20205606520175934,0.044674038887023926,0.9112850427627563,0.6205329298973083,0.142578125,0.03125,0.060546875,0.0
242,247808,0.048828125,2.59375,-0.18624897301197052,-0.1972791850566864,0.039281345903873444,0.8610460162162781,0.3468424379825592,0.1259765625,0.0341796875,0.0537109375,0.0
243,248832,0.05732421949505806,2.859375,-0.19275017082691193,-0.20689016580581665,0.04504874348640442,0.838437020778656,0.38549304008483887,0.1484375,0.0498046875,0.0595703125,0.0
244,249856,0.05712890625,2.8125,-0.19808444380760193,-0.21614696085453033,0.05300123244524002,0.8438091278076172,0.4346306622028351,0.142578125,0.0263671875,0.0576171875,0.0
245,250880,0.05986327677965164,2.875,-0.19083282351493835,-0.21059530973434448,0.055957160890102386,0.8216103315353394,0.5542930960655212,0.1513671875,0.037109375,0.060546875,0.0
246,251904,0.05302734673023224,2.4375,-0.2040671408176422,-0.21732980012893677,0.043368104845285416,0.842138409614563,0.5266513228416443,0.1396484375,0.037109375,0.0654296875,0.0
247,252928,0.04990234225988388,2.5,-0.1588638722896576,-0.17169243097305298,0.04236410930752754,0.8353496193885803,0.5614955425262451,0.1298828125,0.044921875,0.052734375,0.0
248,253952,0.05253906175494194,2.46875,-0.13933031260967255,-0.1528090238571167,0.043255146592855453,0.8148858547210693,0.5032059550285339,0.134765625,0.02734375,0.060546875,0.0
249,254976,0.05917968973517418,2.875,-0.19258126616477966,-0.20957966148853302,0.050030190497636795,0.8016698360443115,0.5594568252563477,0.150390625,0.04296875,0.05859375,0.0
250,256000,0.0615234375,3.296875,-0.17519932985305786,-0.19529598951339722,0.05586542934179306,0.7836062908172607,0.6782175302505493,0.15234375,0.041015625,0.052734375,0.0
251,257024,0.05488280951976776,2.328125,-0.21304669976234436,-0.2249118685722351,0.03983049467206001,0.8050081133842468,0.467374324798584,0.1474609375,0.0458984375,0.0712890625,0.0
252,258048,0.06865234673023224,3.40625,-0.15810874104499817,-0.17626208066940308,0.05138038098812103,0.7536858320236206,0.4571882486343384,0.162109375,0.0361328125,0.0439453125,0.0
253,259072,0.07177734375,3.25,-0.16926413774490356,-0.1822715401649475,0.0407320074737072,0.7358591556549072,0.3042968511581421,0.1787109375,0.044921875,0.0654296875,0.0
254,260096,0.07402343302965164,3.84375,-0.2128366231918335,-0.22670254111289978,0.04212242364883423,0.7195290327072144,0.31346774101257324,0.17578125,0.021484375,0.05859375,0.0
255,261120,0.07177734375,3.234375,-0.22238025069236755,-0.24295789003372192,0.05593126267194748,0.7388001084327698,0.5708575248718262,0.17578125,0.0302734375,0.0654296875,0.0
256,262144,0.06357421725988388,3.125,-0.2356063574552536,-0.25746074318885803,0.05872592329978943,0.7508580088615417,0.6900121569633484,0.1640625,0.0322265625,0.076171875,0.0
257,263168,0.078125,3.375,-0.1637837141752243,-0.17797178030014038,0.04226917773485184,0.6946516036987305,0.4303497076034546,0.1904296875,0.0361328125,0.0673828125,0.0
258,264192,0.072265625,3.15625,-0.18772783875465393,-0.20298901200294495,0.04454957693815231,0.7013624310493469,0.3153175115585327,0.1748046875,0.0205078125,0.0654296875,0.0
259,265216,0.07734374701976776,3.484375,-0.19407877326011658,-0.2085726261138916,0.043009623885154724,0.7010969519615173,0.5199997425079346,0.18359375,0.03515625,0.0546875,0.0
260,266240,0.07109374552965164,3.28125,-0.1773023158311844,-0.19250091910362244,0.044584717601537704,0.7093758583068848,0.40340617299079895,0.1708984375,0.0263671875,0.05859375,0.0
261,267264,0.07382813096046448,2.921875,-0.164847731590271,-0.1804673969745636,0.045234471559524536,0.6997568607330322,0.4927712082862854,0.18359375,0.0234375,0.078125,0.0
262,268288,0.07597656548023224,2.65625,-0.19481652975082397,-0.21133622527122498,0.04643010348081589,0.6695352792739868,0.4583647549152374,0.18359375,0.01953125,0.0693359375,0.0
263,269312,0.09404297173023224,3.078125,-0.14965926110744476,-0.17673538625240326,0.06700655817985535,0.6427160501480103,0.5074527859687805,0.2216796875,0.015625,0.076171875,0.0
264,270336,0.08017578721046448,3.53125,-0.18303456902503967,-0.19731171429157257,0.04163938760757446,0.6542544364929199,0.23023022711277008,0.1884765625,0.02734375,0.056640625,0.0
265,271360,0.07988280802965164,3.265625,-0.1728547215461731,-0.18769988417625427,0.04219615459442139,0.6252920627593994,0.5294994711875916,0.1943359375,0.0244140625,0.07421875,0.0
266,272384,0.09091796725988388,3.859375,-0.16219203174114227,-0.18108542263507843,0.0498419851064682,0.6027601361274719,0.5108773112297058,0.208984375,0.0224609375,0.056640625,0.0
267,273408,0.08027343451976776,3.578125,-0.15329664945602417,-0.17215275764465332,0.05010414868593216,0.6195955276489258,0.6018743515014648,0.1904296875,0.0244140625,0.0625,0.0
268,274432,0.08417969197034836,3.171875,-0.1516304612159729,-0.16335925459861755,0.035745084285736084,0.6143749952316284,0.26905107498168945,0.19921875,0.015625,0.0693359375,0.0
269,275456,0.09843749552965164,4.078125,-0.1189425140619278,-0.13469499349594116,0.04263688996434212,0.5565964579582214,0.41945305466651917,0.224609375,0.02734375,0.0556640625,0.0
270,276480,0.08095702528953552,3.234375,-0.12749746441841125,-0.140057772397995,0.03738182783126831,0.6130609512329102,0.26035404205322266,0.1943359375,0.017578125,0.072265625,0.0
271,277504,0.07968749850988388,3.0,-0.14053231477737427,-0.15266194939613342,0.036421727389097214,0.6081219911575317,0.5101506114006042,0.1875,0.017578125,0.0615234375,0.0
272,278528,0.08505859971046448,3.3125,-0.13019074499607086,-0.14268407225608826,0.036263562738895416,0.5638452172279358,0.5164618492126465,0.1962890625,0.013671875,0.05859375,0.0
273,279552,0.08974609524011612,4.328125,-0.10995391756296158,-0.12821216881275177,0.04757260903716087,0.5528057813644409,0.4491841495037079,0.20703125,0.0244140625,0.056640625,0.0
274,280576,0.09169921278953552,3.5625,-0.1390899270772934,-0.15139341354370117,0.03545788675546646,0.5425454378128052,0.28125113248825073,0.212890625,0.0166015625,0.0654296875,0.0
275,281600,0.08798827975988388,3.5,-0.16897788643836975,-0.18169671297073364,0.0365569144487381,0.555962860584259,0.3966236412525177,0.203125,0.0185546875,0.05859375,0.0
276,282624,0.08984375,4.21875,-0.15372799336910248,-0.17035728693008423,0.04406796395778656,0.5404700040817261,0.5264509320259094,0.2041015625,0.0146484375,0.0537109375,0.0
277,283648,0.09365234524011612,4.1875,-0.07550058513879776,-0.0880778431892395,0.0360383540391922,0.5441917181015015,0.24302783608436584,0.21484375,0.0205078125,0.05859375,0.0
278,284672,0.091796875,4.1875,-0.15153595805168152,-0.16384635865688324,0.03501689434051514,0.5198042392730713,0.392392098903656,0.208984375,0.0234375,0.0517578125,0.0
279,285696,0.0893554612994194,3.8125,-0.1369646191596985,-0.14708614349365234,0.03081020712852478,0.528357207775116,0.22593677043914795,0.2060546875,0.01171875,0.0625,0.0
280,286720,0.09873046725988388,4.59375,-0.15087474882602692,-0.1650378406047821,0.03837639093399048,0.5025105476379395,0.6122807860374451,0.2255859375,0.017578125,0.0615234375,0.0
281,287744,0.07949218153953552,3.609375,-0.10900572687387466,-0.12200826406478882,0.03716087341308594,0.5577899813652039,0.29435357451438904,0.1904296875,0.0126953125,0.072265625,0.0
282,288768,0.09843750298023224,3.734375,-0.13221608102321625,-0.14696446061134338,0.039623625576496124,0.5063425302505493,0.4518955647945404,0.2255859375,0.0087890625,0.0673828125,0.0
283,289792,0.09697265923023224,4.390625,-0.0884956568479538,-0.10113571584224701,0.035046666860580444,0.48832738399505615,0.3320772647857666,0.216796875,0.0126953125,0.05078125,0.0
284,290816,0.09970702975988388,4.59375,-0.12782523036003113,-0.14220790565013885,0.038416653871536255,0.4825652837753296,0.2628735601902008,0.224609375,0.0107421875,0.0576171875,0.0
285,291840,0.1025390625,4.6875,-0.12826065719127655,-0.13828569650650024,0.029460415244102478,0.4705168902873993,0.34227511286735535,0.2314453125,0.0068359375,0.0625,0.0
286,292864,0.09501953423023224,4.1875,-0.11552178859710693,-0.13174879550933838,0.04205182194709778,0.4798904359340668,0.4723494052886963,0.220703125,0.0107421875,0.0712890625,0.0
287,293888,0.09951171278953552,4.171875,-0.09461528807878494,-0.10769858956336975,0.03567686676979065,0.4755132794380188,0.28105953335762024,0.224609375,0.0048828125,0.0615234375,0.0
288,294912,0.10996094346046448,4.328125,-0.16338993608951569,-0.17798544466495514,0.03805847093462944,0.44337159395217896,0.2745286524295807,0.248046875,0.0078125,0.06640625,0.0
289,295936,0.09707030653953552,3.5,-0.16969013214111328,-0.18262198567390442,0.03525012359023094,0.4693213999271393,0.24876642227172852,0.224609375,0.0078125,0.072265625,0.0
290,296960,0.10771484673023224,4.0625,-0.08658435195684433,-0.09967252612113953,0.034737296402454376,0.4280473291873932,0.38847577571868896,0.2392578125,0.0078125,0.0556640625,0.0
291,297984,0.107421875,4.671875,-0.13304506242275238,-0.14608360826969147,0.0347687192261219,0.43458181619644165,0.25283920764923096,0.2412109375,0.0126953125,0.0595703125,0.0
292,299008,0.09843750298023224,4.578125,-0.12908576428890228,-0.1450563371181488,0.04086872190237045,0.44637927412986755,0.36281946301460266,0.2255859375,0.0107421875,0.06640625,0.0
293,300032,0.10039062798023224,4.515625,-0.14146211743354797,-0.15246623754501343,0.03093874081969261,0.44652584195137024,0.4259672462940216,0.2275390625,0.0048828125,0.064453125,0.0
294,301056,0.09580077975988388,3.890625,-0.1235460489988327,-0.13402560353279114,0.029635712504386902,0.43383049964904785,0.23445120453834534,0.21875,0.0009765625,0.0673828125,0.0
295,302080,0.11044921725988388,4.25,-0.10333385318517685,-0.11625905334949493,0.03389233350753784,0.40209639072418213,0.36189743876457214,0.2509765625,0.009765625,0.0703125,0.0
296,303104,0.10166015475988388,4.046875,-0.12138272821903229,-0.1337554007768631,0.032849520444869995,0.4052085876464844,0.3088415563106537,0.236328125,0.0068359375,0.0791015625,0.0
297,304128,0.09638671576976776,3.421875,-0.09681777656078339,-0.10755489766597748,0.029830627143383026,0.417819619178772,0.21287254989147186,0.224609375,0.0029296875,0.078125,0.0
298,305152,0.10087890177965164,4.15625,-0.09924549609422684,-0.11110803484916687,0.031705278903245926,0.39901018142700195,0.3742137849330902,0.228515625,0.0048828125,0.064453125,0.0
299,306176,0.10761718451976776,4.3125,-0.09711088240146637,-0.10779276490211487,0.029164906591176987,0.39005735516548157,0.33746960759162903,0.240234375,0.00390625,0.060546875,0.0
300,307200,0.09746093302965164,3.546875,-0.11421380192041397,-0.12683182954788208,0.033766426146030426,0.42651787400245667,0.4132174849510193,0.224609375,0.001953125,0.0732421875,0.0
301,308224,0.1015625,4.234375,-0.12180357426404953,-0.1338500678539276,0.03217624872922897,0.40416330099105835,0.35925206542015076,0.2255859375,0.0029296875,0.0546875,0.0
302,309248,0.09912109375,5.046875,-0.08205150812864304,-0.09649808704853058,0.036738235503435135,0.3922538161277771,0.359623521566391,0.2216796875,0.005859375,0.0556640625,0.0
303,310272,0.10146484524011612,4.59375,-0.09319900721311569,-0.11200696229934692,0.0455065593123436,0.39453309774398804,0.4921784996986389,0.2294921875,0.001953125,0.0654296875,0.0
304,311296,0.10263670980930328,4.5,-0.09737483412027359,-0.10923872888088226,0.03142562508583069,0.38489192724227905,0.4878939688205719,0.2294921875,0.001953125,0.0595703125,0.0
305,312320,0.1044921875,4.234375,-0.1357414275407791,-0.14810742437839508,0.03235200047492981,0.3810005187988281,0.4475328326225281,0.2392578125,0.0068359375,0.072265625,0.0
306,313344,0.1103515625,4.984375,-0.08627231419086456,-0.10007012635469437,0.035006314516067505,0.3705345392227173,0.325781911611557,0.2431640625,0.0029296875,0.0546875,0.0
307,314368,0.10732422024011612,4.28125,-0.09948967397212982,-0.111552894115448,0.03152851760387421,0.37010419368743896,0.5222549438476562,0.2421875,0.0009765625,0.068359375,0.0
308,315392,0.1103515625,4.609375,-0.12554942071437836,-0.13714182376861572,0.03038141503930092,0.3598305284976959,0.31274133920669556,0.248046875,0.001953125,0.0673828125,0.0
309,316416,0.09023437649011612,4.390625,-0.11777094006538391,-0.1291053146123886,0.030312854796648026,0.3822047710418701,0.31073546409606934,0.2060546875,0.0068359375,0.060546875,0.0
310,317440,0.10468749701976776,4.703125,-0.07367074489593506,-0.08703206479549408,0.03393973410129547,0.3608546257019043,0.5078561305999756,0.23046875,0.0,0.052734375,0.0
311,318464,0.1083984375,5.0625,-0.08967211842536926,-0.10438309609889984,0.036481618881225586,0.3529835343360901,0.5026999115943909,0.2421875,0.005859375,0.060546875,0.0
312,319488,0.11210937798023224,5.0625,-0.13603998720645905,-0.15858063101768494,0.052371520549058914,0.3645128607749939,0.38293129205703735,0.248046875,0.0078125,0.0556640625,0.0
313,320512,0.10820312052965164,5.171875,-0.06921882927417755,-0.08270181715488434,0.03384426236152649,0.343914270401001,0.38693657517433167,0.23828125,0.00390625,0.052734375,0.0
314,321536,0.10458983480930328,5.046875,-0.13763585686683655,-0.15402598679065704,0.04008748382329941,0.3653619885444641,0.7226226925849915,0.2314453125,0.00390625,0.0537109375,0.0
315,322560,0.10478515923023224,5.1875,-0.07312579452991486,-0.0893254205584526,0.03918635472655296,0.33935531973838806,0.4971841871738434,0.2314453125,0.0078125,0.05078125,0.0
316,323584,0.10517577826976776,3.96875,-0.12835411727428436,-0.1421322226524353,0.03454472869634628,0.34942591190338135,0.47898954153060913,0.2373046875,0.005859375,0.064453125,0.0
317,324608,0.10800781100988388,4.53125,-0.12414088100194931,-0.1354418694972992,0.029711391776800156,0.35547059774398804,0.4543073773384094,0.2392578125,0.0048828125,0.0556640625,0.0
318,325632,0.10195311903953552,5.359375,-0.06742797046899796,-0.08310993760824203,0.03829159960150719,0.34638381004333496,0.5222238898277283,0.22265625,0.001953125,0.0458984375,0.0
319,326656,0.11123047024011612,5.171875,-0.0968768447637558,-0.10856343805789948,0.030042031779885292,0.3334428071975708,0.5048988461494446,0.2470703125,0.005859375,0.05859375,0.0
320,327680,0.11210937798023224,5.34375,-0.08059466630220413,-0.09747175872325897,0.04027875140309334,0.32622790336608887,0.6310576796531677,0.2490234375,0.0048828125,0.0595703125,0.0
321,328704,0.11796875298023224,6.15625,-0.07211018353700638,-0.08493655920028687,0.031540073454380035,0.29436609148979187,0.4590180218219757,0.2568359375,0.0029296875,0.05078125,0.0
322,329728,0.10800781100988388,5.578125,-0.08191817253828049,-0.10111658275127411,0.045003436505794525,0.3303312063217163,0.5108376145362854,0.2392578125,0.0029296875,0.056640625,0.0
323,330752,0.09443359822034836,5.453125,-0.10867641121149063,-0.13309240341186523,0.05586281418800354,0.35154178738594055,1.1793688535690308,0.2119140625,0.015625,0.0498046875,0.0
324,331776,0.11210937052965164,5.4375,-0.09319604188203812,-0.1070667952299118,0.034024450927972794,0.3141472041606903,0.5966891050338745,0.2431640625,0.0009765625,0.046875,0.0
325,332800,0.10175780951976776,4.90625,-0.12687493860721588,-0.13826477527618408,0.02970370650291443,0.3462022542953491,0.4826059937477112,0.2314453125,0.0048828125,0.0673828125,0.0
326,333824,0.09912109375,5.53125,-0.06078488007187843,-0.07515555620193481,0.03558989614248276,0.3424270749092102,0.5482977628707886,0.21875,0.0009765625,0.05078125,0.0
327,334848,0.1137695237994194,5.75,-0.030627844855189323,-0.05204736441373825,0.04905269667506218,0.31068289279937744,0.7605927586555481,0.2509765625,0.001953125,0.0576171875,0.0
328,335872,0.10722655802965164,5.9375,-0.03632548451423645,-0.06503608822822571,0.06394962966442108,0.32642120122909546,1.2079046964645386,0.234375,0.00390625,0.0478515625,0.0
329,336896,0.10810547322034836,5.65625,-0.020864911377429962,-0.03719160705804825,0.038912396878004074,0.3129501938819885,0.7391529679298401,0.2392578125,0.00390625,0.0556640625,0.0
330,337920,0.10781249403953552,6.078125,-0.03437107056379318,-0.04769091680645943,0.03256724029779434,0.2963773310184479,0.5270284414291382,0.236328125,0.00390625,0.0498046875,0.0
331,338944,0.10166015475988388,5.015625,-0.07864365726709366,-0.09200258553028107,0.033142123371362686,0.3212128281593323,0.3607407212257385,0.228515625,0.0048828125,0.060546875,0.0
332,339968,0.10927734524011612,5.328125,-0.0823047086596489,-0.09907694905996323,0.0393858440220356,0.2920679450035095,0.5526247024536133,0.2392578125,0.005859375,0.048828125,0.0
333,340992,0.11152343451976776,4.984375,-0.09039179980754852,-0.11083342134952545,0.04699272662401199,0.3054734468460083,0.5240321159362793,0.2470703125,0.0029296875,0.05859375,0.0
334,342016,0.11660155653953552,4.9375,-0.09070534259080887,-0.11160849779844284,0.04744511842727661,0.2819406986236572,0.3879915475845337,0.2548828125,0.0029296875,0.052734375,0.0
335,343040,0.11308594048023224,5.203125,-0.10456560552120209,-0.1187143325805664,0.03426426649093628,0.29834094643592834,0.3691573441028595,0.2470703125,0.0048828125,0.0498046875,0.0
336,344064,0.11044921725988388,5.78125,-0.03583019971847534,-0.048040855675935745,0.030514400452375412,0.30465421080589294,0.3168686032295227,0.2392578125,0.00390625,0.0439453125,0.0
337,345088,0.11103515326976776,5.265625,-0.054503683000802994,-0.06855654716491699,0.033741675317287445,0.28179746866226196,0.5398251414299011,0.2490234375,0.001953125,0.06640625,0.0
338,346112,0.11474609375,5.875,-0.06883718073368073,-0.08294519037008286,0.03412100672721863,0.29524970054626465,0.5287219882011414,0.2509765625,0.00390625,0.0517578125,0.0
339,347136,0.111328125,4.953125,-0.05855103209614754,-0.07325313985347748,0.035276152193546295,0.293597012758255,0.26649418473243713,0.2470703125,0.0029296875,0.0595703125,0.0
340,348160,0.10556640475988388,5.53125,-0.12757888436317444,-0.14419591426849365,0.03941082954406738,0.30883878469467163,0.5120922327041626,0.2294921875,0.001953125,0.044921875,0.0
341,349184,0.11660156399011612,6.25,-0.03664276376366615,-0.05629704147577286,0.04508284479379654,0.28871434926986694,0.5853371620178223,0.2509765625,0.0087890625,0.0400390625,0.0
342,350208,0.10458984971046448,5.125,-0.11362674832344055,-0.12832006812095642,0.035479091107845306,0.30462297797203064,0.620692253112793,0.2353515625,0.00390625,0.0634765625,0.0
343,351232,0.10898437350988388,5.40625,-0.06889600306749344,-0.08173464238643646,0.03112732619047165,0.27250272035598755,0.2237449586391449,0.240234375,0.0,0.0556640625,0.0
344,352256,0.10185546427965164,5.15625,-0.06828640401363373,-0.07906397432088852,0.027682771906256676,0.30638134479522705,0.3407360911369324,0.2275390625,0.00390625,0.0576171875,0.0
345,353280,0.11054687201976776,5.109375,-0.06299895793199539,-0.07505308091640472,0.029443057253956795,0.2667406499385834,0.4045347273349762,0.2451171875,0.0009765625,0.0595703125,0.0
346,354304,0.11171874403953552,5.25,-0.034260474145412445,-0.05238709971308708,0.041870564222335815,0.28086578845977783,0.6134285926818848,0.24609375,0.001953125,0.0556640625,0.0
347,355328,0.10546875,5.109375,-0.0200955793261528,-0.029982205480337143,0.025180824100971222,0.2703785300254822,0.30422061681747437,0.232421875,0.00390625,0.0517578125,0.0
348,356352,0.11142577975988388,5.390625,-0.08586976677179337,-0.10017254203557968,0.03379412740468979,0.25942882895469666,0.28809061646461487,0.2431640625,0.001953125,0.0498046875,0.0
349,357376,0.11533202230930328,5.375,-0.07401400804519653,-0.0878719836473465,0.03296176344156265,0.2622898817062378,0.3275130093097687,0.251953125,0.0029296875,0.0517578125,0.0
350,358400,0.11445312201976776,5.578125,-0.07118918746709824,-0.08572428673505783,0.034351903945207596,0.26408493518829346,0.2962667644023895,0.25,0.00390625,0.05078125,0.0
351,359424,0.11464843899011612,5.140625,-0.09625688940286636,-0.10844502598047256,0.029576905071735382,0.26003193855285645,0.4109090566635132,0.251953125,0.00390625,0.0546875,0.0
352,360448,0.11416015028953552,4.96875,-0.04946988448500633,-0.060892924666404724,0.028194256126880646,0.26740896701812744,0.3540962338447571,0.2548828125,0.00390625,0.064453125,0.0
353,361472,0.11455078423023224,5.3125,-0.08378340303897858,-0.09524375200271606,0.027981150895357132,0.2530221939086914,0.21156252920627594,0.25390625,0.0029296875,0.060546875,0.0
354,362496,0.10517577826976776,4.828125,-0.04400448128581047,-0.0522768571972847,0.021861765533685684,0.2658505439758301,0.20422165095806122,0.2373046875,0.001953125,0.06640625,0.0
355,363520,0.10546875,5.15625,-0.01627396233379841,-0.027589377015829086,0.027818921953439713,0.2594046890735626,0.27817797660827637,0.2333984375,0.0009765625,0.0556640625,0.0
356,364544,0.11181640625,5.296875,-0.027492882683873177,-0.041669271886348724,0.03351648896932602,0.2581855356693268,0.5588403940200806,0.2451171875,0.00390625,0.0517578125,0.0
357,365568,0.1103515625,5.015625,-0.0831688791513443,-0.0968741923570633,0.03265484794974327,0.2622109651565552,0.44755423069000244,0.2431640625,0.0009765625,0.0556640625,0.0
358,366592,0.109375,6.03125,-0.0876661166548729,-0.10030218958854675,0.030300863087177277,0.2514355182647705,0.29728132486343384,0.236328125,0.001953125,0.04296875,0.0
359,367616,0.11416015028953552,5.921875,-0.050662506371736526,-0.06103884428739548,0.025826282799243927,0.2536802887916565,0.24142226576805115,0.248046875,0.0009765625,0.048828125,0.0
360,368640,0.11308594048023224,5.703125,-0.09113852679729462,-0.10743845254182816,0.03799523413181305,0.2697688937187195,0.3675472140312195,0.2470703125,0.0048828125,0.0498046875,0.0
361,369664,0.11220703274011612,5.28125,-0.07140837609767914,-0.08627921342849731,0.03449756279587746,0.23779438436031342,0.2558286786079407,0.2470703125,0.0,0.056640625,0.0
362,370688,0.10820312798023224,5.6875,-0.05831249803304672,-0.06936365365982056,0.027054768055677414,0.24762289226055145,0.2759639024734497,0.23828125,0.0,0.0546875,0.0
363,371712,0.10917969048023224,5.5,-0.06511324644088745,-0.07535462081432343,0.025530152022838593,0.2523702383041382,0.2755902111530304,0.2392578125,0.0029296875,0.05078125,0.0
364,372736,0.11474609375,6.046875,-0.08640523254871368,-0.10056085884571075,0.033167824149131775,0.24282878637313843,0.3806575834751129,0.2490234375,0.0,0.048828125,0.0
365,373760,0.10419921576976776,5.75,-0.12039634585380554,-0.13179676234722137,0.027881983667612076,0.2540576159954071,0.4492296576499939,0.2314453125,0.0,0.0576171875,0.0
366,374784,0.10986328125,5.4375,-0.05111171677708626,-0.06576268374919891,0.03424164652824402,0.24698558449745178,0.5056217312812805,0.24609375,0.0009765625,0.0654296875,0.0
367,375808,0.10117188096046448,4.984375,-0.06649798899888992,-0.07659070193767548,0.02520635351538658,0.2510465979576111,0.28280574083328247,0.23046875,0.00390625,0.068359375,0.0
368,376832,0.11357422173023224,5.578125,-0.029614198952913284,-0.04178071767091751,0.029005665332078934,0.233631432056427,0.2618669867515564,0.251953125,0.0009765625,0.0615234375,0.0
369,377856,0.10244140774011612,5.265625,-0.11108550429344177,-0.12570343911647797,0.03419853374361992,0.24813377857208252,0.3931969702243805,0.228515625,0.0048828125,0.056640625,0.0
370,378880,0.10664062201976776,5.5625,-0.07625798135995865,-0.09227538853883743,0.037022341042757034,0.24937650561332703,0.24587392807006836,0.236328125,0.001953125,0.056640625,0.0
371,379904,0.11562499403953552,5.40625,-0.0014093492645770311,-0.01449268963187933,0.030800431966781616,0.23168757557868958,0.3149058222770691,0.25390625,0.001953125,0.0556640625,0.0
372,380928,0.09707031399011612,5.984375,-0.024105800315737724,-0.0347433015704155,0.026184622198343277,0.2454809546470642,0.26139071583747864,0.2138671875,0.0009765625,0.048828125,0.0
373,381952,0.11494140326976776,5.59375,-0.09147295355796814,-0.10324469208717346,0.028113218024373055,0.22848671674728394,0.3890051245689392,0.2529296875,0.001953125,0.056640625,0.0
374,382976,0.11992187798023224,6.078125,-0.0513201467692852,-0.06792077422142029,0.037328049540519714,0.20633989572525024,0.4417475461959839,0.2587890625,0.0009765625,0.046875,0.0
375,384000,0.11933593451976776,5.71875,-0.048220157623291016,-0.06051798164844513,0.029123835265636444,0.22640947997570038,0.2899736762046814,0.2626953125,0.0029296875,0.05859375,0.0
376,385024,0.11220702528953552,5.390625,-0.04283512383699417,-0.05648897960782051,0.031973615288734436,0.23329515755176544,0.399975061416626,0.2490234375,0.0,0.0615234375,0.0
377,386048,0.11328125,6.125,-0.05749823525547981,-0.06991778314113617,0.029309313744306564,0.2235110104084015,0.37670305371284485,0.24609375,0.0,0.048828125,0.0
378,387072,0.11337889730930328,6.53125,-0.054872944951057434,-0.06986027956008911,0.034633439034223557,0.23293882608413696,0.3031306862831116,0.24609375,0.0029296875,0.046875,0.0
379,388096,0.11064453423023224,6.40625,-0.0729270726442337,-0.08596175909042358,0.030812356621026993,0.23714864253997803,0.3347317576408386,0.2421875,0.0029296875,0.05078125,0.0
380,389120,0.115234375,5.546875,-0.06851139664649963,-0.08820602297782898,0.043683312833309174,0.21470335125923157,0.6740409135818481,0.2568359375,0.0048828125,0.0634765625,0.0
381,390144,0.11191406100988388,5.234375,-0.052312642335891724,-0.06398850679397583,0.02780742198228836,0.22278480231761932,0.2704872488975525,0.2470703125,0.0009765625,0.0576171875,0.0
382,391168,0.11367187649011612,6.234375,-0.04533728212118149,-0.05787620693445206,0.029509197920560837,0.2215675413608551,0.3244801163673401,0.2451171875,0.0048828125,0.0419921875,0.0
383,392192,0.10605468600988388,5.96875,-0.04776845872402191,-0.05858761817216873,0.026123978197574615,0.22428302466869354,0.43659597635269165,0.2353515625,0.0009765625,0.0576171875,0.0
384,393216,0.10332030802965164,5.359375,-0.05638496205210686,-0.06720510125160217,0.02642672508955002,0.239322230219841,0.44504237174987793,0.2314453125,0.0048828125,0.0595703125,0.0
385,394240,0.11660155653953552,5.796875,-0.031445447355508804,-0.045074913650751114,0.03172958642244339,0.22353272140026093,0.24815648794174194,0.25390625,0.001953125,0.05078125,0.0
386,395264,0.10849609225988388,5.59375,-0.047612451016902924,-0.05821716785430908,0.025825362652540207,0.2307966947555542,0.3303922116756439,0.2392578125,0.0,0.0556640625,0.0
387,396288,0.11162109673023224,5.609375,-0.056074898689985275,-0.06602570414543152,0.024370770901441574,0.22345823049545288,0.2939559519290924,0.244140625,0.0029296875,0.05078125,0.0
388,397312,0.10771483927965164,5.625,-0.017905201762914658,-0.02738814428448677,0.02332737296819687,0.2180744707584381,0.18584564328193665,0.236328125,0.0009765625,0.0517578125,0.0
389,398336,0.12021484225988388,6.09375,-0.07027656584978104,-0.08636155724525452,0.03634055703878403,0.20852893590927124,0.5817745327949524,0.2607421875,0.0,0.05078125,0.0
390,399360,0.10957030951976776,5.875,-0.054636150598526,-0.06905094534158707,0.03328341245651245,0.22269123792648315,0.2543734312057495,0.2412109375,0.0009765625,0.0546875,0.0
391,400384,0.11562499403953552,5.828125,-0.08543340861797333,-0.09746405482292175,0.02858758345246315,0.2263147383928299,0.3409993648529053,0.2548828125,0.0009765625,0.05859375,0.0
392,401408,0.10781249403953552,5.28125,-0.06205754727125168,-0.07460633665323257,0.0297600906342268,0.23312562704086304,0.3303733766078949,0.2392578125,0.0009765625,0.05859375,0.0
393,402432,0.11083984375,6.578125,-0.03160207346081734,-0.04291599988937378,0.02696392685174942,0.21680378913879395,0.3965070843696594,0.23828125,0.0029296875,0.0400390625,0.0
394,403456,0.10947265475988388,5.90625,-0.06121763586997986,-0.07219938188791275,0.02635938674211502,0.2197946310043335,0.41424107551574707,0.2451171875,0.001953125,0.064453125,0.0
395,404480,0.11601562052965164,5.90625,-0.029686354100704193,-0.047373149544000626,0.039758630096912384,0.21925194561481476,0.429980993270874,0.2529296875,0.0048828125,0.0498046875,0.0
396,405504,0.11162108927965164,5.828125,-0.06363292038440704,-0.0786336213350296,0.034548427909612656,0.22735123336315155,0.6099454760551453,0.25,0.0048828125,0.064453125,0.0
397,406528,0.11025390774011612,5.46875,-0.05570145696401596,-0.06809992343187332,0.029115132987499237,0.2159101366996765,0.396847665309906,0.2431640625,0.0078125,0.052734375,0.0
398,407552,0.10888671875,5.671875,-0.06086111068725586,-0.0737435519695282,0.030309658497571945,0.22723901271820068,0.3140959143638611,0.2392578125,0.00390625,0.0517578125,0.0
399,408576,0.10898437350988388,6.234375,-0.01969057135283947,-0.03153105825185776,0.02778155915439129,0.20502935349941254,0.3439388573169708,0.2373046875,0.0009765625,0.0478515625,0.0
400,409600,0.10751953721046448,5.796875,-0.06715312600135803,-0.07925835996866226,0.0286572128534317,0.22233696281909943,0.4086109399795532,0.2353515625,0.001953125,0.0498046875,0.0
401,410624,0.11201171576976776,5.9375,-0.03378874063491821,-0.04485012963414192,0.026482800021767616,0.21800094842910767,0.2601678967475891,0.2431640625,0.0,0.0478515625,0.0
402,411648,0.11367187649011612,6.21875,-0.03850507736206055,-0.05126696825027466,0.029772676527500153,0.21244479715824127,0.31790393590927124,0.2470703125,0.0009765625,0.048828125,0.0
403,412672,0.1162109375,6.1875,-0.053521446883678436,-0.06943544745445251,0.03612128645181656,0.21466410160064697,0.4308885931968689,0.25390625,0.00390625,0.0517578125,0.0
404,413696,0.11201171576976776,6.5,-0.053328558802604675,-0.06755875051021576,0.032810524106025696,0.21750685572624207,0.1876097023487091,0.2431640625,0.00390625,0.0458984375,0.0
405,414720,0.10566405951976776,5.125,-0.05547221004962921,-0.06829440593719482,0.030103599652647972,0.22296054661273956,0.3068516254425049,0.240234375,0.005859375,0.0693359375,0.0
406,415744,0.11201171576976776,5.21875,-0.061140671372413635,-0.0722232460975647,0.026541858911514282,0.21883532404899597,0.37101155519485474,0.2470703125,0.00390625,0.0556640625,0.0
407,416768,0.11376953125,5.859375,-0.0732274055480957,-0.0851934477686882,0.028015483170747757,0.20416943728923798,0.19179430603981018,0.248046875,0.0009765625,0.05078125,0.0
408,417792,0.11357421427965164,5.421875,-0.07096996903419495,-0.08359507471323013,0.02967783249914646,0.2213813066482544,0.3293096721172333,0.25390625,0.0048828125,0.064453125,0.0
409,418816,0.11191406100988388,5.734375,-0.07000140100717545,-0.08239568769931793,0.02923554554581642,0.22234822809696198,0.24491101503372192,0.2421875,0.005859375,0.04296875,0.0
410,419840,0.10712890326976776,5.53125,-0.08431962132453918,-0.10064063966274261,0.03734036535024643,0.23491671681404114,0.30180999636650085,0.2421875,0.0205078125,0.0595703125,0.0
411,420864,0.11220702528953552,5.484375,-0.08334632962942123,-0.09523822367191315,0.028097115457057953,0.21566659212112427,0.5128322243690491,0.2470703125,0.00390625,0.0546875,0.0
412,421888,0.11435546725988388,6.5,-0.03418031707406044,-0.045763321220874786,0.027323905378580093,0.20789465308189392,0.2534121572971344,0.24609375,0.0009765625,0.04296875,0.0
413,422912,0.11874999850988388,6.28125,-0.040010299533605576,-0.05305688455700874,0.02999066933989525,0.19487479329109192,0.23838885128498077,0.26171875,0.0,0.060546875,0.0
414,423936,0.11074218153953552,5.828125,-0.060332439839839935,-0.07445597648620605,0.032538801431655884,0.214586541056633,0.2813224196434021,0.244140625,0.00390625,0.0546875,0.0
415,424960,0.11630859225988388,6.0625,-0.0870002880692482,-0.10090363025665283,0.032048486173152924,0.2120903730392456,0.45844823122024536,0.2548828125,0.0078125,0.0517578125,0.0
416,425984,0.10761718451976776,5.671875,-0.036501217633485794,-0.04926995933055878,0.029483212158083916,0.19728636741638184,0.2561608850955963,0.240234375,0.001953125,0.0615234375,0.0
417,427008,0.11220703274011612,5.578125,-0.08038071542978287,-0.0931197851896286,0.02949834242463112,0.20100989937782288,0.25204774737358093,0.248046875,0.0029296875,0.0576171875,0.0
418,428032,0.11552734673023224,5.578125,-0.05446198582649231,-0.06832016259431839,0.031728919595479965,0.2006286382675171,0.4269493520259857,0.2529296875,0.0,0.0546875,0.0
419,429056,0.10986328125,5.921875,-0.04031673073768616,-0.05276580527424812,0.029162604361772537,0.21322302520275116,0.20529910922050476,0.2451171875,0.00390625,0.0615234375,0.0
420,430080,0.11572265625,5.515625,-0.02389567904174328,-0.035411544144153595,0.027146246284246445,0.20572584867477417,0.3688228130340576,0.2548828125,0.001953125,0.0576171875,0.0
421,431104,0.11445312201976776,5.46875,-0.046027302742004395,-0.059390172362327576,0.0307657178491354,0.2019990235567093,0.2268865704536438,0.251953125,0.001953125,0.056640625,0.0
422,432128,0.11962890625,5.78125,-0.030724719166755676,-0.044574521481990814,0.03145507723093033,0.18777355551719666,0.45969635248184204,0.263671875,0.0009765625,0.060546875,0.0
423,433152,0.11347655951976776,6.265625,-0.042459636926651,-0.0562812015414238,0.03170143812894821,0.20291529595851898,0.2451457977294922,0.2470703125,0.0009765625,0.0498046875,0.0
424,434176,0.11660156399011612,6.734375,-0.10283957421779633,-0.1187523901462555,0.03590558469295502,0.2039979100227356,0.39278772473335266,0.2548828125,0.0009765625,0.0537109375,0.0
425,435200,0.11542968451976776,5.953125,-0.02426057495176792,-0.03772631287574768,0.031123757362365723,0.20961405336856842,0.26870203018188477,0.2529296875,0.0009765625,0.0546875,0.0
426,436224,0.11123046278953552,6.03125,-0.05827801302075386,-0.07312707602977753,0.03354502469301224,0.19234506785869598,0.3757854104042053,0.2421875,0.0029296875,0.0478515625,0.0
427,437248,0.11630859225988388,5.9375,-0.02124265395104885,-0.034737203270196915,0.031139664351940155,0.2075282335281372,0.23569439351558685,0.2548828125,0.001953125,0.0546875,0.0
428,438272,0.10468749701976776,6.875,-0.04945164918899536,-0.060518670827150345,0.026469986885786057,0.21679697930812836,0.33027535676956177,0.224609375,0.00390625,0.0361328125,0.0
429,439296,0.11601562798023224,6.25,-0.05831974744796753,-0.07597621530294418,0.039268411695957184,0.19777384400367737,0.24978944659233093,0.2578125,0.005859375,0.0615234375,0.0
430,440320,0.11269530653953552,6.40625,-0.012535924091935158,-0.02277885191142559,0.024356603622436523,0.19353744387626648,0.25401103496551514,0.2451171875,0.0009765625,0.048828125,0.0
431,441344,0.1157226487994194,5.5625,-0.06673572957515717,-0.0809250921010971,0.03228408470749855,0.19526773691177368,0.3387138843536377,0.2548828125,0.0078125,0.0546875,0.0
432,442368,0.10302734375,5.640625,-0.07588512450456619,-0.08679824322462082,0.02597825601696968,0.20760074257850647,0.5973652005195618,0.2255859375,0.001953125,0.0478515625,0.0
433,443392,0.11933593451976776,6.09375,-0.043893903493881226,-0.05567595362663269,0.027406107634305954,0.19210071861743927,0.24618609249591827,0.259765625,0.001953125,0.0517578125,0.0
434,444416,0.11796875298023224,6.765625,0.002366370987147093,-0.0151899429038167,0.03889785706996918,0.18926146626472473,0.3860554099082947,0.25390625,0.0,0.044921875,0.0
435,445440,0.11738281697034836,5.703125,-0.04902804642915726,-0.06478151679039001,0.03554698824882507,0.20200227200984955,0.28572455048561096,0.259765625,0.005859375,0.0595703125,0.0
436,446464,0.111328125,5.34375,-0.007172090467065573,-0.01859191432595253,0.026857225224375725,0.20087888836860657,0.2502857446670532,0.244140625,0.0,0.0537109375,0.0
437,447488,0.11445312201976776,6.171875,-0.026546593755483627,-0.037078313529491425,0.024689864367246628,0.1813211739063263,0.22721682488918304,0.24609375,0.001953125,0.0419921875,0.0
438,448512,0.10664062201976776,5.546875,-0.020488079637289047,-0.03167198225855827,0.026181267574429512,0.1906730979681015,0.332702100276947,0.2373046875,0.0009765625,0.0595703125,0.0
439,449536,0.11708983778953552,6.03125,-0.041913606226444244,-0.05954059958457947,0.03879883885383606,0.17724260687828064,0.3215502202510834,0.25390625,0.0009765625,0.048828125,0.0
440,450560,0.11542968451976776,5.40625,-0.04390817880630493,-0.055190086364746094,0.026231251657009125,0.18337172269821167,0.22245225310325623,0.255859375,0.0,0.0625,0.0
441,451584,0.10986328125,5.96875,-0.033348605036735535,-0.04536686837673187,0.027673950418829918,0.1818711757659912,0.27414149045944214,0.240234375,0.0009765625,0.05078125,0.0
442,452608,0.11357422173023224,5.78125,-0.03685690462589264,-0.0487370565533638,0.027416229248046875,0.1827964186668396,0.3009759783744812,0.251953125,0.0009765625,0.0615234375,0.0
443,453632,0.11630859225988388,6.515625,-0.005932552274316549,-0.01945640705525875,0.03064403124153614,0.1798160970211029,0.22438034415245056,0.2509765625,0.001953125,0.044921875,0.0
444,454656,0.11181640625,6.234375,-0.043896302580833435,-0.055016737431287766,0.025561761111021042,0.16604433953762054,0.21798427402973175,0.25,0.0009765625,0.0654296875,0.0
445,455680,0.11757811903953552,5.875,-0.012095894664525986,-0.025150787085294724,0.0297149159014225,0.18025651574134827,0.27835381031036377,0.2587890625,0.0029296875,0.0576171875,0.0
446,456704,0.11025390774011612,5.53125,-0.03958593308925629,-0.04998239502310753,0.024257363751530647,0.17322206497192383,0.3937973976135254,0.2431640625,0.0,0.056640625,0.0
447,457728,0.11171874403953552,5.8125,-0.018032360821962357,-0.028888948261737823,0.02530073933303356,0.17937824130058289,0.19075322151184082,0.24609375,0.0,0.056640625,0.0
448,458752,0.11787109076976776,6.3125,0.009128949604928493,-0.0036556432023644447,0.02907841093838215,0.17546123266220093,0.44182339310646057,0.2568359375,0.0,0.052734375,0.0
449,459776,0.11181640625,5.3125,-0.026114244014024734,-0.03963722661137581,0.030680933967232704,0.18174828588962555,0.3314291834831238,0.2509765625,0.0,0.068359375,0.0
450,460800,0.10800781846046448,6.25,-0.05753654986619949,-0.07113512605428696,0.031093670055270195,0.1948261708021164,0.4321565628051758,0.234375,0.00390625,0.0439453125,0.0
451,461824,0.11660155653953552,4.90625,-0.03051086515188217,-0.04304491728544235,0.028761232271790504,0.1846562623977661,0.4205634593963623,0.2646484375,0.0009765625,0.078125,0.0
452,462848,0.10791015625,6.109375,-0.043671462684869766,-0.05638536810874939,0.029223445802927017,0.18978160619735718,0.3160843253135681,0.234375,0.0009765625,0.0458984375,0.0
453,463872,0.11064453423023224,5.859375,-0.04953191801905632,-0.06266951560974121,0.030028413981199265,0.1876610964536667,0.2989605963230133,0.2451171875,0.005859375,0.056640625,0.0
454,464896,0.11298827826976776,5.578125,-0.01815938390791416,-0.03263043612241745,0.03239608183503151,0.17269890010356903,0.47080573439598083,0.25,0.0009765625,0.0595703125,0.0
455,465920,0.11933593451976776,5.8125,-0.027766402810811996,-0.04246528819203377,0.0330248698592186,0.18135492503643036,0.3514314591884613,0.2568359375,0.0048828125,0.04296875,0.0
456,466944,0.11298827826976776,6.28125,-0.02827358990907669,-0.042859673500061035,0.032701168209314346,0.17645010352134705,0.4064294099807739,0.2451171875,0.0,0.0478515625,0.0
457,467968,0.12119140475988388,6.640625,-0.043898869305849075,-0.05649872124195099,0.028624875470995903,0.1712588369846344,0.32035303115844727,0.2646484375,0.0,0.0556640625,0.0
458,468992,0.10996093600988388,5.84375,-0.013792690820991993,-0.027720585465431213,0.03124789334833622,0.16960522532463074,0.34294554591178894,0.2431640625,0.0009765625,0.0576171875,0.0
459,470016,0.12099608778953552,5.59375,-0.0250560250133276,-0.03672944754362106,0.026638945564627647,0.16460511088371277,0.203761488199234,0.265625,0.0029296875,0.0576171875,0.0
460,471040,0.10693359375,6.0,-0.035056501626968384,-0.04780957102775574,0.029071727767586708,0.1782793402671814,0.22200146317481995,0.2333984375,0.00390625,0.046875,0.0
461,472064,0.11171875149011612,5.59375,-0.06681784242391586,-0.07916945964097977,0.028491562232375145,0.1894160956144333,0.29242244362831116,0.248046875,0.001953125,0.060546875,0.0
462,473088,0.10859374701976776,5.34375,-0.024692442268133163,-0.036176152527332306,0.026439663022756577,0.1736120581626892,0.28120943903923035,0.240234375,0.00390625,0.0556640625,0.0
463,474112,0.1142578125,5.515625,-0.0510578490793705,-0.06845462322235107,0.03832316771149635,0.1764807105064392,0.6320696473121643,0.2509765625,0.0029296875,0.0546875,0.0
464,475136,0.11347655951976776,6.09375,-0.05821063369512558,-0.06964828819036484,0.026401272043585777,0.17629829049110413,0.2584858238697052,0.2470703125,0.0009765625,0.0498046875,0.0
465,476160,0.11406249552965164,5.890625,-0.03928893804550171,-0.052329398691654205,0.02949235588312149,0.17057162523269653,0.22292761504650116,0.2529296875,0.0009765625,0.0615234375,0.0
466,477184,0.11708984524011612,5.46875,-0.020298728719353676,-0.03361905738711357,0.02990974485874176,0.16345439851284027,0.29235073924064636,0.259765625,0.0009765625,0.0634765625,0.0
467,478208,0.11103515326976776,6.046875,-0.08506370335817337,-0.0972956046462059,0.027809467166662216,0.16728349030017853,0.37404972314834595,0.240234375,0.0029296875,0.0439453125,0.0
468,479232,0.11376953125,5.875,-0.014484068378806114,-0.026562215760350227,0.027646349743008614,0.17450274527072906,0.2896679937839508,0.25,0.0009765625,0.0556640625,0.0
469,480256,0.10634765774011612,5.875,-0.046137914061546326,-0.06197689101099968,0.035149797797203064,0.17359212040901184,0.2641131281852722,0.236328125,0.0048828125,0.056640625,0.0
470,481280,0.12070313096046448,5.625,-0.02305809035897255,-0.038576532155275345,0.03424321115016937,0.1603163778781891,0.537549614906311,0.2646484375,0.0009765625,0.0576171875,0.0
471,482304,0.11650390923023224,6.03125,-0.03450058028101921,-0.04567527025938034,0.025605477392673492,0.1628049910068512,0.30552035570144653,0.2548828125,0.0,0.0546875,0.0
472,483328,0.11933593451976776,5.625,-0.030517805367708206,-0.04700002446770668,0.03605350852012634,0.15445354580879211,0.4812784790992737,0.265625,0.0,0.0673828125,0.0
473,484352,0.12333983927965164,5.359375,-0.023954804986715317,-0.036551348865032196,0.02839188650250435,0.15993987023830414,0.23615022003650665,0.271484375,0.0009765625,0.0615234375,0.0
474,485376,0.11748047173023224,5.625,-0.06681908667087555,-0.08185070008039474,0.03345595300197601,0.16963648796081543,0.68227219581604,0.2568359375,0.001953125,0.0537109375,0.0
475,486400,0.11103515326976776,6.109375,-0.03382270783185959,-0.05451466143131256,0.04473932087421417,0.16777071356773376,1.037724256515503,0.244140625,0.0009765625,0.0546875,0.0
476,487424,0.10546875,5.796875,-0.06823226809501648,-0.08152768015861511,0.030038803815841675,0.17239871621131897,0.6675366163253784,0.234375,0.0,0.05859375,0.0
477,488448,0.11572265625,5.765625,-0.019150925800204277,-0.032061971724033356,0.02893621101975441,0.15570594370365143,0.27059847116470337,0.2529296875,0.0,0.0537109375,0.0
478,489472,0.11123046278953552,5.8125,-0.01380259357392788,-0.02700514905154705,0.029768425971269608,0.16816571354866028,0.3744767904281616,0.24609375,0.0009765625,0.05859375,0.0
479,490496,0.10781250149011612,5.421875,-0.03314824402332306,-0.04460880905389786,0.02621912583708763,0.1648997962474823,0.4706493020057678,0.240234375,0.001953125,0.060546875,0.0
480,491520,0.119140625,6.09375,-0.021406972780823708,-0.03520139679312706,0.030866339802742004,0.16387465596199036,0.5075482726097107,0.26171875,0.001953125,0.0576171875,0.0
481,492544,0.10986328125,5.15625,-0.04979701712727547,-0.06237012892961502,0.028401890769600868,0.1627834141254425,0.39527586102485657,0.248046875,0.0009765625,0.0703125,0.0
482,493568,0.10957030951976776,5.734375,-0.017757805064320564,-0.028708286583423615,0.02523285523056984,0.16659468412399292,0.5143473744392395,0.2392578125,0.0009765625,0.0498046875,0.0
483,494592,0.11591796576976776,5.75,-0.020981259644031525,-0.03598632290959358,0.0334363654255867,0.1713118851184845,0.24134744703769684,0.255859375,0.0009765625,0.0595703125,0.0
484,495616,0.11152343451976776,5.484375,-0.014853453263640404,-0.025116190314292908,0.023658959195017815,0.15667423605918884,0.13089987635612488,0.2451171875,0.0009765625,0.0546875,0.0
485,496640,0.11953124403953552,5.78125,-0.004055977798998356,-0.016066841781139374,0.02723403088748455,0.16061516106128693,0.32952678203582764,0.263671875,0.0,0.0615234375,0.0
486,497664,0.10986328125,5.640625,-0.007141866721212864,-0.017466450110077858,0.023904521018266678,0.1627677083015442,0.20380769670009613,0.2412109375,0.0,0.0537109375,0.0
487,498688,0.11748046427965164,5.65625,-0.024826396256685257,-0.04047336429357529,0.034392379224300385,0.15492209792137146,0.3054151237010956,0.2578125,0.0009765625,0.056640625,0.0
488,499712,0.11015625298023224,5.6875,-0.06211432069540024,-0.07393988966941833,0.02685369923710823,0.16012796759605408,0.3180297911167145,0.2431640625,0.0009765625,0.056640625,0.0
489,500736,0.109375,5.71875,-0.0012112216791138053,-0.014551207423210144,0.029929332435131073,0.1624680459499359,0.2542785704135895,0.23828125,0.0,0.048828125,0.0
490,501760,0.12158203125,6.34375,-0.052253615111112595,-0.06666126847267151,0.03212708979845047,0.16558921337127686,0.25491654872894287,0.2646484375,0.0,0.0537109375,0.0
491,502784,0.11601562798023224,5.75,-0.03657354414463043,-0.049331195652484894,0.028799623250961304,0.1642160564661026,0.3818787932395935,0.2587890625,0.0009765625,0.06640625,0.0
492,503808,0.11054687201976776,5.515625,-0.04476096108555794,-0.060534004122018814,0.035122767090797424,0.1788340061903,0.3563256859779358,0.24609375,0.001953125,0.0615234375,0.0
493,504832,0.11699218302965164,6.6875,-0.030889663845300674,-0.04637648165225983,0.03426764905452728,0.16470058262348175,0.3571905195713043,0.2509765625,0.0029296875,0.041015625,0.0
494,505856,0.11660155653953552,5.875,-0.014323740266263485,-0.02735498733818531,0.029271436855196953,0.1604471355676651,0.24120868742465973,0.259765625,0.001953125,0.0654296875,0.0
495,506880,0.10615234076976776,5.515625,-0.04069418087601662,-0.055426303297281265,0.032945096492767334,0.1740424931049347,0.1795463263988495,0.2353515625,0.001953125,0.056640625,0.0
496,507904,0.12060546875,5.5625,0.012284711934626102,-0.0008803661912679672,0.029377931728959084,0.152388796210289,0.38115057349205017,0.2685546875,0.0,0.068359375,0.0
497,508928,0.12333984673023224,5.9375,-0.044580403715372086,-0.05668628215789795,0.027315769344568253,0.15520037710666656,0.27565956115722656,0.2705078125,0.001953125,0.05859375,0.0
498,509952,0.11757811903953552,5.484375,-0.017394695430994034,-0.03197664022445679,0.03244146704673767,0.16387885808944702,0.1890428513288498,0.2578125,0.001953125,0.0556640625,0.0
499,510976,0.11630859225988388,5.1875,-0.03705819323658943,-0.05013616383075714,0.02935764193534851,0.1600850224494934,0.2775541841983795,0.2578125,0.0009765625,0.0625,0.0
500,512000,0.115234375,5.9375,-0.022721244022250175,-0.03367616608738899,0.025306012481451035,0.16980840265750885,0.4211098253726959,0.25,0.0,0.048828125,0.0
501,513024,0.10888671875,5.953125,-0.0396745465695858,-0.049059558659791946,0.022029243409633636,0.162960946559906,0.1892680525779724,0.2412109375,0.0,0.05859375,0.0
502,514048,0.11757811903953552,5.40625,-0.020161736756563187,-0.03338911756873131,0.02962026745080948,0.158275306224823,0.41454216837882996,0.2646484375,0.0009765625,0.0732421875,0.0
503,515072,0.11396484076976776,5.46875,-0.006797362584620714,-0.021845046430826187,0.03315529227256775,0.1529962420463562,0.37030404806137085,0.2509765625,0.0,0.0576171875,0.0
504,516096,0.10478515923023224,5.734375,-0.031599801033735275,-0.04231066256761551,0.02492344006896019,0.17508596181869507,0.5286806225776672,0.2294921875,0.001953125,0.048828125,0.0
505,517120,0.10673828423023224,5.9375,-0.025905944406986237,-0.036301374435424805,0.023844975978136063,0.1527058482170105,0.23121203482151031,0.234375,0.0009765625,0.0517578125,0.0
506,518144,0.11123046278953552,5.765625,-0.041194573044776917,-0.05345359444618225,0.027701720595359802,0.15918393433094025,0.43330883979797363,0.2470703125,0.001953125,0.060546875,0.0
507,519168,0.11542968451976776,5.984375,-0.007908361032605171,-0.022326160222291946,0.031910523772239685,0.15374624729156494,0.448432058095932,0.2509765625,0.0009765625,0.0498046875,0.0
508,520192,0.11630859225988388,6.109375,-0.034792736172676086,-0.04690513014793396,0.027336377650499344,0.15557941794395447,0.2291238158941269,0.2529296875,0.0,0.05078125,0.0
509,521216,0.11201171576976776,5.515625,-0.0364726223051548,-0.04966841638088226,0.029585957527160645,0.15971846878528595,0.4217202961444855,0.2509765625,0.0,0.0673828125,0.0
510,522240,0.11630859225988388,5.8125,-0.03306950628757477,-0.04433779790997505,0.025641821324825287,0.15526190400123596,0.19314752519130707,0.2548828125,0.0,0.0556640625,0.0
511,523264,0.11738280951976776,5.4375,-0.028394335880875587,-0.04350854083895683,0.03326444327831268,0.1518016904592514,0.22900255024433136,0.2607421875,0.0009765625,0.064453125,0.0
512,524288,0.12255859375,5.609375,-0.0259828120470047,-0.038211800158023834,0.027512764558196068,0.15273958444595337,0.263714462518692,0.2666015625,0.0,0.0537109375,0.0
513,525312,0.11279296875,5.78125,-0.006204802542924881,-0.020337045192718506,0.03139413520693779,0.1564824879169464,0.44628071784973145,0.2451171875,0.0,0.048828125,0.0
514,526336,0.11601562052965164,6.09375,-0.04232735186815262,-0.05423686280846596,0.02706882357597351,0.16249015927314758,0.32148414850234985,0.2529296875,0.0009765625,0.0517578125,0.0
515,527360,0.115234375,5.90625,-0.02444341406226158,-0.03663671016693115,0.02744988724589348,0.15316477417945862,0.2595687210559845,0.2529296875,0.0009765625,0.0556640625,0.0
516,528384,0.1123046875,5.578125,-0.02786117047071457,-0.039498839527368546,0.02646690607070923,0.1595783233642578,0.3275640904903412,0.248046875,0.0,0.05859375,0.0
517,529408,0.12324218451976776,5.765625,0.02008984237909317,0.007914062589406967,0.02727082371711731,0.14596319198608398,0.375415176153183,0.2705078125,0.0009765625,0.0595703125,0.0
518,530432,0.11806640028953552,6.15625,-0.014275653287768364,-0.02719046175479889,0.028870217502117157,0.15203002095222473,0.2471374273300171,0.2568359375,0.0,0.0517578125,0.0
519,531456,0.11884765326976776,6.203125,-0.02564198523759842,-0.03954800218343735,0.03102703206241131,0.16074995696544647,0.28921639919281006,0.2626953125,0.001953125,0.0615234375,0.0
520,532480,0.11455078423023224,5.75,-0.02832009829580784,-0.041281215846538544,0.02896771766245365,0.1522739827632904,0.307689368724823,0.2529296875,0.0,0.0595703125,0.0
521,533504,0.11005859076976776,5.890625,-0.03264178708195686,-0.043865084648132324,0.025809653103351593,0.1681528091430664,0.39550191164016724,0.240234375,0.0009765625,0.0498046875,0.0
522,534528,0.11259765923023224,5.6875,-0.03674750775098801,-0.04759815335273743,0.025079960003495216,0.16893334686756134,0.37933292984962463,0.24609375,0.0009765625,0.0517578125,0.0
523,535552,0.11279296875,5.953125,-0.03402079641819,-0.047020323574543,0.029332362115383148,0.16666531562805176,0.2727862596511841,0.2451171875,0.001953125,0.0478515625,0.0
524,536576,0.11660155653953552,5.984375,0.0023263045586645603,-0.015196962282061577,0.038301195949316025,0.16273310780525208,0.5484611392021179,0.2568359375,0.0029296875,0.0576171875,0.0
525,537600,0.1196288987994194,5.8125,-0.01805024780333042,-0.032669246196746826,0.032231926918029785,0.1496964991092682,0.6703137755393982,0.2646484375,0.0,0.0634765625,0.0
526,538624,0.11591796576976776,5.578125,-0.030203238129615784,-0.043686918914318085,0.030173514038324356,0.16030755639076233,0.2160431444644928,0.2548828125,0.0,0.0576171875,0.0
527,539648,0.11279296875,6.640625,-0.040450602769851685,-0.0526018887758255,0.027597229927778244,0.16473308205604553,0.6800357103347778,0.2470703125,0.001953125,0.052734375,0.0
528,540672,0.10761718451976776,6.765625,-0.03455772250890732,-0.05149766802787781,0.037239059805870056,0.1679585576057434,0.7711348533630371,0.23828125,0.001953125,0.056640625,0.0
529,541696,0.10830077528953552,6.6875,-0.07222582399845123,-0.08312687277793884,0.024823453277349472,0.15106791257858276,0.38305413722991943,0.2353515625,0.001953125,0.0458984375,0.0
530,542720,0.11474609375,6.390625,-0.004153349436819553,-0.01610344834625721,0.02706911787390709,0.15844599902629852,0.33668065071105957,0.2509765625,0.0,0.0537109375,0.0
531,543744,0.12138671427965164,5.90625,0.02419370412826538,0.00800266768783331,0.03528799116611481,0.1452959179878235,0.7054435014724731,0.2646484375,0.0,0.0546875,0.0
532,544768,0.10976562649011612,6.046875,-0.007691709790378809,-0.02063988521695137,0.029147019609808922,0.16253343224525452,0.38767895102500916,0.240234375,0.0,0.0517578125,0.0
533,545792,0.11738280951976776,6.421875,-0.05998922884464264,-0.07420358061790466,0.031669437885284424,0.1620366871356964,0.48373231291770935,0.2578125,0.001953125,0.056640625,0.0
534,546816,0.12138671427965164,6.203125,-0.0307075846940279,-0.046075694262981415,0.03379382565617561,0.15288029611110687,0.2759505808353424,0.2666015625,0.001953125,0.05859375,0.0
535,547840,0.11054687201976776,5.9375,-0.019171955063939095,-0.0325891450047493,0.030019685626029968,0.15926533937454224,0.6771706342697144,0.2412109375,0.0009765625,0.0498046875,0.0
536,548864,0.11357422173023224,5.71875,-0.016053661704063416,-0.03122364543378353,0.0335734486579895,0.16167399287223816,0.5433887839317322,0.251953125,0.0009765625,0.0615234375,0.0
537,549888,0.11503905802965164,5.765625,-0.03818271681666374,-0.05120129883289337,0.029097791761159897,0.15303173661231995,0.4051193594932556,0.2509765625,0.0029296875,0.05078125,0.0
538,550912,0.12080077826976776,6.46875,-0.009848980233073235,-0.020373323932290077,0.024069996550679207,0.15106546878814697,0.31673651933670044,0.2607421875,0.0,0.0478515625,0.0
539,551936,0.11054687947034836,6.375,-0.01969064213335514,-0.03607747703790665,0.03611186146736145,0.16690951585769653,0.5849665999412537,0.2431640625,0.0009765625,0.0546875,0.0
540,552960,0.12080077826976776,5.59375,-0.015080350451171398,-0.03002919815480709,0.03301963210105896,0.15609680116176605,0.4966707229614258,0.2626953125,0.0,0.052734375,0.0
541,553984,0.11220703274011612,6.265625,-0.04921511933207512,-0.05913877114653587,0.022938251495361328,0.15454748272895813,0.251967191696167,0.2421875,0.0029296875,0.04296875,0.0
542,555008,0.11025390028953552,5.609375,-0.025119664147496223,-0.036229681223630905,0.025403451174497604,0.15917080640792847,0.38363906741142273,0.2451171875,0.001953125,0.060546875,0.0
543,556032,0.11708983778953552,7.0625,-0.004329506307840347,-0.016465291380882263,0.027228157967329025,0.14782939851284027,0.271817684173584,0.25,0.0009765625,0.0390625,0.0
544,557056,0.11240234225988388,6.828125,-0.015688883140683174,-0.028120627626776695,0.02804265171289444,0.15895818173885345,0.3325151801109314,0.2470703125,0.0,0.0556640625,0.0
545,558080,0.11728514730930328,5.796875,-0.029778433963656425,-0.042959511280059814,0.02937578596174717,0.15068145096302032,0.23854579031467438,0.2587890625,0.0,0.060546875,0.0
546,559104,0.11923827230930328,4.875,-0.019324928522109985,-0.032615162432193756,0.02942344918847084,0.14214910566806793,0.32008668780326843,0.2646484375,0.0,0.0654296875,0.0
547,560128,0.11201171576976776,6.25,-0.015770580619573593,-0.02856980636715889,0.028759047389030457,0.1580297350883484,0.19423329830169678,0.2373046875,0.0,0.033203125,0.0
548,561152,0.12099608778953552,5.921875,-0.0030131149105727673,-0.014539230614900589,0.026154516264796257,0.15511423349380493,0.17981594800949097,0.2646484375,0.0,0.056640625,0.0
549,562176,0.11455078423023224,5.875,-0.03814132511615753,-0.05032111704349518,0.027601387351751328,0.162090465426445,0.30637502670288086,0.2490234375,0.0,0.0498046875,0.0
550,563200,0.11269530653953552,5.640625,-0.014811648987233639,-0.027808278799057007,0.028996910899877548,0.1501825451850891,0.297432541847229,0.25,0.0,0.0615234375,0.0
551,564224,0.1044921875,5.25,-0.03177564591169357,-0.04212746024131775,0.023893561214208603,0.15949666500091553,0.4296681880950928,0.232421875,0.0,0.05859375,0.0
552,565248,0.12031250447034836,6.171875,-0.013163788244128227,-0.02843758836388588,0.033593300729990005,0.15228502452373505,0.47934192419052124,0.2626953125,0.0009765625,0.0546875,0.0
553,566272,0.12187499552965164,6.671875,-0.005737851839512587,-0.023291341960430145,0.0383722186088562,0.16326192021369934,0.5450744032859802,0.2646484375,0.0009765625,0.0517578125,0.0
554,567296,0.109375,6.421875,-0.015878673642873764,-0.02876163460314274,0.029119158163666725,0.16766181588172913,0.20440475642681122,0.2421875,0.0,0.05859375,0.0
555,568320,0.11699219048023224,6.375,-0.01904330775141716,-0.034155793488025665,0.033217333257198334,0.14961811900138855,0.19137001037597656,0.2548828125,0.0009765625,0.0517578125,0.0
556,569344,0.11269531399011612,6.984375,-0.028418119996786118,-0.04407668113708496,0.03465186804533005,0.166737362742424,0.2506481111049652,0.244140625,0.0,0.046875,0.0
557,570368,0.09990233927965164,6.09375,-0.002548957709223032,-0.016054915264248848,0.030512716621160507,0.1750400960445404,0.5879114866256714,0.22265625,0.0009765625,0.056640625,0.0
558,571392,0.11835937201976776,6.34375,0.012683830223977566,-0.0004326929338276386,0.029184387996792793,0.14756707847118378,0.2783125638961792,0.259765625,0.001953125,0.056640625,0.0
559,572416,0.11201172322034836,6.390625,-0.01709606498479843,-0.03173575550317764,0.032285042107105255,0.15028314292430878,0.3646698594093323,0.244140625,0.0009765625,0.0498046875,0.0
560,573440,0.10820312052965164,6.0,-0.006069997325539589,-0.019519932568073273,0.030590845271945,0.1845487356185913,0.3323257267475128,0.2412109375,0.0009765625,0.0615234375,0.0
561,574464,0.11269530653953552,6.21875,-0.017027435824275017,-0.0335392951965332,0.036249514669179916,0.16128987073898315,0.5070880055427551,0.2490234375,0.0009765625,0.05859375,0.0
562,575488,0.1103515625,6.15625,-0.013201935216784477,-0.02513243444263935,0.0271511971950531,0.16450995206832886,0.31820249557495117,0.24609375,0.0,0.0634765625,0.0
563,576512,0.1142578125,6.515625,-0.0019317982951179147,-0.015106458216905594,0.029304806143045425,0.1477743238210678,0.22442398965358734,0.2470703125,0.0009765625,0.0458984375,0.0
564,577536,0.11591796576976776,5.65625,-0.05448127165436745,-0.06740083545446396,0.028693486005067825,0.14271783828735352,0.2487441897392273,0.2548828125,0.0,0.0576171875,0.0
565,578560,0.11875000596046448,5.875,-0.04806410148739815,-0.05816128849983215,0.02326827310025692,0.15369507670402527,0.24608589708805084,0.2607421875,0.0029296875,0.056640625,0.0
566,579584,0.12148436903953552,5.609375,-0.038544174283742905,-0.04976480081677437,0.02532118186354637,0.1439964324235916,0.2925580143928528,0.267578125,0.001953125,0.060546875,0.0
567,580608,0.11962890625,5.6875,-0.017497695982456207,-0.03298676013946533,0.03379667550325394,0.14092734456062317,0.32322603464126587,0.2646484375,0.0,0.0634765625,0.0
568,581632,0.1201171800494194,6.6875,-0.023041749373078346,-0.03657903894782066,0.029928117990493774,0.14267697930335999,0.38403794169425964,0.2568359375,0.0009765625,0.041015625,0.0
569,582656,0.10507811605930328,6.109375,-0.040186695754528046,-0.05687754973769188,0.036595240235328674,0.1606764942407608,0.3252665400505066,0.2333984375,0.0009765625,0.0576171875,0.0
570,583680,0.1181640625,5.515625,-0.0005463843699544668,-0.014591783285140991,0.031003907322883606,0.14565548300743103,0.38361528515815735,0.26171875,0.0,0.0634765625,0.0
571,584704,0.11865234375,5.71875,-0.021758271381258965,-0.03535706177353859,0.03011525422334671,0.1458836793899536,0.4515160024166107,0.2607421875,0.0,0.05859375,0.0
572,585728,0.11591796576976776,6.140625,-0.012836232781410217,-0.024619245901703835,0.026149708777666092,0.1291840821504593,0.16302205622196198,0.2529296875,0.001953125,0.0517578125,0.0
573,586752,0.11679687350988388,6.171875,-0.013021597638726234,-0.02550259232521057,0.027764320373535156,0.1401165872812271,0.2505958676338196,0.251953125,0.0,0.0458984375,0.0
574,587776,0.11611327528953552,6.34375,-0.03740958124399185,-0.04979974031448364,0.02772551402449608,0.14726009964942932,0.3952986001968384,0.2568359375,0.001953125,0.060546875,0.0
575,588800,0.11708983778953552,6.140625,-0.022915713489055634,-0.03575953096151352,0.02851886861026287,0.14156177639961243,0.32678183913230896,0.2587890625,0.001953125,0.060546875,0.0
576,589824,0.12031249701976776,6.703125,-0.011644238606095314,-0.022750772535800934,0.02487955614924431,0.13332444429397583,0.17819631099700928,0.26171875,0.0,0.052734375,0.0
577,590848,0.10576171427965164,5.421875,-0.02219909243285656,-0.033475711941719055,0.02572576515376568,0.15862633287906647,0.2805822491645813,0.2373046875,0.0,0.064453125,0.0
578,591872,0.10888671875,6.296875,-0.004274932201951742,-0.01594185084104538,0.02623722516000271,0.14516940712928772,0.3969462513923645,0.2373046875,0.0,0.048828125,0.0
579,592896,0.10751952230930328,5.90625,-0.01934339851140976,-0.032189372926950455,0.02897999808192253,0.16440248489379883,0.28397396206855774,0.23828125,0.0009765625,0.0576171875,0.0
580,593920,0.11376953125,6.0,-0.022965550422668457,-0.036870136857032776,0.030634280294179916,0.14125534892082214,0.3431127667427063,0.248046875,0.0009765625,0.05078125,0.0
581,594944,0.12441405653953552,5.890625,-0.010997514240443707,-0.029416751116514206,0.039423804730176926,0.12926656007766724,0.22286757826805115,0.2734375,0.0,0.0615234375,0.0
582,595968,0.12060546875,6.4375,-0.03472079709172249,-0.04731564596295357,0.027818500995635986,0.1314401924610138,0.32420843839645386,0.259765625,0.0009765625,0.0458984375,0.0
583,596992,0.11650390177965164,6.96875,-0.055589716881513596,-0.07295434176921844,0.03746141493320465,0.13660839200019836,0.8079010844230652,0.255859375,0.0009765625,0.056640625,0.0
584,598016,0.10693359375,6.609375,-0.044787243008613586,-0.06251915544271469,0.038661666214466095,0.15989188849925995,0.5444645881652832,0.2333984375,0.001953125,0.0478515625,0.0
585,599040,0.11962890625,5.53125,-0.047815002501010895,-0.06010865047574043,0.02748461626470089,0.14486625790596008,0.304945170879364,0.2646484375,0.0,0.0634765625,0.0
586,600064,0.12431640923023224,5.890625,-0.019788717851042747,-0.03471513092517853,0.03265761956572533,0.1402396261692047,0.420240193605423,0.271484375,0.0009765625,0.056640625,0.0
587,601088,0.11240234225988388,5.703125,0.0039325254037976265,-0.006657502613961697,0.024247724562883377,0.15338343381881714,0.33160895109176636,0.2451171875,0.0,0.05078125,0.0
588,602112,0.11318358778953552,5.890625,-0.03497684374451637,-0.047978222370147705,0.028923407196998596,0.14603249728679657,0.21869692206382751,0.251953125,0.0009765625,0.0634765625,0.0
589,603136,0.11054687201976776,5.953125,0.0021180775947868824,-0.010622259229421616,0.028536465018987656,0.15278956294059753,0.3555799126625061,0.2431640625,0.0009765625,0.0546875,0.0
590,604160,0.10996093600988388,5.609375,-0.027074333280324936,-0.040461454540491104,0.029830027371644974,0.1527891755104065,0.3534848690032959,0.244140625,0.0,0.060546875,0.0
591,605184,0.11318359524011612,5.765625,-0.03582962602376938,-0.0476960763335228,0.02664356678724289,0.14553335309028625,0.26994961500167847,0.2470703125,0.0,0.0517578125,0.0
592,606208,0.11191406100988388,5.921875,-0.0046457815915346146,-0.01722993329167366,0.028163332492113113,0.1497514843940735,0.27566221356391907,0.2470703125,0.0009765625,0.0576171875,0.0
593,607232,0.11923828721046448,6.046875,-0.021172497421503067,-0.03462250530719757,0.02964712865650654,0.1373555064201355,0.4102742373943329,0.2626953125,0.0,0.060546875,0.0
594,608256,0.11123046278953552,5.515625,-0.02055562101304531,-0.030832020565867424,0.02351728454232216,0.14822426438331604,0.25503531098365784,0.2470703125,0.0,0.0615234375,0.0
595,609280,0.11992187798023224,5.828125,0.003107179421931505,-0.01319357380270958,0.03524963557720184,0.13240647315979004,0.3173327147960663,0.2646484375,0.0009765625,0.0615234375,0.0
596,610304,0.11396484076976776,5.703125,-0.01834338717162609,-0.0296801645308733,0.025598686188459396,0.1462564915418625,0.3586265742778778,0.251953125,0.0009765625,0.0595703125,0.0
597,611328,0.12285155802965164,6.328125,-0.003748522140085697,-0.02166798897087574,0.03849507123231888,0.1328068971633911,0.25685226917266846,0.26953125,0.0,0.0595703125,0.0
598,612352,0.11591796576976776,6.015625,-0.006135566625744104,-0.018808718770742416,0.028156664222478867,0.14051800966262817,0.30433183908462524,0.2529296875,0.0,0.052734375,0.0
599,613376,0.11210937052965164,6.46875,-0.004578449297696352,-0.017914600670337677,0.029536597430706024,0.14321473240852356,0.36189037561416626,0.24609375,0.0,0.0546875,0.0
600,614400,0.11630859971046448,6.359375,-0.004932304844260216,-0.016765838488936424,0.02636946551501751,0.13511990010738373,0.23124000430107117,0.25390625,0.0009765625,0.052734375,0.0
601,615424,0.10820312052965164,6.421875,-0.002337660640478134,-0.011777495965361595,0.021615350618958473,0.13678398728370667,0.2515123188495636,0.240234375,0.0,0.0595703125,0.0
602,616448,0.11435547471046448,6.5,0.009593157097697258,-0.00418444350361824,0.03027356043457985,0.13591793179512024,0.5073050856590271,0.25,0.0009765625,0.052734375,0.0
603,617472,0.12080077826976776,6.109375,0.011923140846192837,-0.004236132372170687,0.0350908599793911,0.1386156976222992,0.636608362197876,0.263671875,0.0009765625,0.0546875,0.0
604,618496,0.11289062350988388,5.859375,-0.008396081626415253,-0.020647922530770302,0.027191534638404846,0.134392648935318,0.1865810751914978,0.248046875,0.0,0.0556640625,0.0
605,619520,0.11249999701976776,5.90625,-0.030325936153531075,-0.04191634804010391,0.026068178936839104,0.14436781406402588,0.3291360139846802,0.248046875,0.0,0.0576171875,0.0
606,620544,0.11552734673023224,5.71875,-0.018516341224312782,-0.028897855430841446,0.023491980507969856,0.13644742965698242,0.2812417149543762,0.2529296875,0.0,0.0546875,0.0
607,621568,0.12041015177965164,6.015625,-0.012337179854512215,-0.024805385619401932,0.02763681672513485,0.13502027094364166,0.2988714277744293,0.26171875,0.0009765625,0.0517578125,0.0
608,622592,0.11699219048023224,6.0625,-0.015706369653344154,-0.028371073305606842,0.02825891226530075,0.14647532999515533,0.2764647305011749,0.255859375,0.0,0.0546875,0.0
609,623616,0.12080077826976776,6.625,-0.022023815661668777,-0.03491136059165001,0.028485067188739777,0.13549886643886566,0.2508983314037323,0.2626953125,0.00390625,0.05078125,0.0
610,624640,0.11376953125,5.78125,-0.03664480894804001,-0.05089191347360611,0.03168301656842232,0.15944020450115204,0.3671831488609314,0.255859375,0.0048828125,0.068359375,0.0
611,625664,0.12080078572034836,5.421875,-0.02081601321697235,-0.03894533962011337,0.03906797617673874,0.14046615362167358,0.4489506781101227,0.263671875,0.0009765625,0.0546875,0.0
612,626688,0.11640624701976776,6.171875,-0.027213577181100845,-0.04060564935207367,0.029709555208683014,0.14627060294151306,0.3703644573688507,0.25,0.0,0.04296875,0.0
613,627712,0.10908202826976776,6.90625,-0.02087743952870369,-0.03250216320157051,0.026119917631149292,0.14352357387542725,0.27613940834999084,0.2392578125,0.0,0.052734375,0.0
614,628736,0.11328125,5.765625,-0.03189607709646225,-0.04394309222698212,0.02704271674156189,0.1474343240261078,0.43899479508399963,0.2529296875,0.0009765625,0.0654296875,0.0
615,629760,0.12070312350988388,6.171875,-0.00824307557195425,-0.01946888491511345,0.0248856320977211,0.12170065939426422,0.2494964301586151,0.265625,0.0,0.060546875,0.0
616,630784,0.10761718451976776,5.921875,-0.020040474832057953,-0.029529813677072525,0.021691294386982918,0.1356307864189148,0.2594364285469055,0.2392578125,0.0009765625,0.0595703125,0.0
617,631808,0.10898437350988388,6.3125,-8.143694140017033e-05,-0.012855112552642822,0.028131112456321716,0.12918806076049805,0.3574909269809723,0.2392578125,0.0009765625,0.052734375,0.0
618,632832,0.11855468153953552,7.046875,-0.028799327090382576,-0.04192178696393967,0.028971517458558083,0.1363297402858734,0.43478432297706604,0.2578125,0.0,0.0517578125,0.0
619,633856,0.11699217557907104,5.828125,-0.014670376665890217,-0.028010832145810127,0.02925177849829197,0.12854337692260742,0.355031818151474,0.2626953125,0.0009765625,0.0712890625,0.0
620,634880,0.10527343302965164,6.1875,-0.00867652241140604,-0.02050640434026718,0.02632914111018181,0.1334688663482666,0.573989748954773,0.2314453125,0.0009765625,0.0517578125,0.0
621,635904,0.11542968451976776,6.234375,0.00034999975468963385,-0.014782953076064587,0.03287336230278015,0.13037283718585968,0.34598901867866516,0.2578125,0.0,0.0673828125,0.0
622,636928,0.11367186903953552,6.109375,0.000571776065044105,-0.014846711419522762,0.03325553983449936,0.12092824280261993,0.2886223793029785,0.25390625,0.0,0.06640625,0.0
623,637952,0.1181640625,6.515625,0.019080443307757378,0.004119803197681904,0.03231370449066162,0.11962108314037323,0.30973222851753235,0.2578125,0.0,0.0537109375,0.0
624,638976,0.11708984524011612,6.640625,-0.011468427255749702,-0.028376715257763863,0.0364551767706871,0.13193008303642273,0.5654022097587585,0.2548828125,0.0,0.0517578125,0.0
625,640000,0.11494140326976776,6.328125,0.015790598466992378,0.0021314192563295364,0.02994934469461441,0.13154929876327515,0.3205527067184448,0.251953125,0.0009765625,0.0546875,0.0
626,641024,0.1123046875,5.65625,-0.04493671655654907,-0.057528767734766006,0.028012186288833618,0.141404390335083,0.4230377972126007,0.2470703125,0.0009765625,0.0556640625,0.0
627,642048,0.10664062201976776,5.75,-0.011976667679846287,-0.024471143260598183,0.027630023658275604,0.13205364346504211,0.6126326322555542,0.2353515625,0.0009765625,0.0546875,0.0
628,643072,0.11855468899011612,7.015625,-0.021505506709218025,-0.03445972874760628,0.028520915657281876,0.13062353432178497,0.22784563899040222,0.2578125,0.0,0.0517578125,0.0
629,644096,0.11093749850988388,6.015625,-0.00221995054744184,-0.012621220201253891,0.02336171641945839,0.12795886397361755,0.21913780272006989,0.24609375,0.0,0.060546875,0.0
630,645120,0.10908202826976776,5.859375,0.00029596115928143263,-0.009858138859272003,0.022876430302858353,0.12841151654720306,0.29146626591682434,0.240234375,0.0009765625,0.0546875,0.0
631,646144,0.115234375,6.03125,-0.021627919748425484,-0.033647455275058746,0.026757702231407166,0.1359315663576126,0.23213046789169312,0.25390625,0.0,0.05859375,0.0
632,647168,0.11289062350988388,5.84375,-0.004893997684121132,-0.020155178382992744,0.03342963755130768,0.14536383748054504,0.4264944791793823,0.25,0.001953125,0.0595703125,0.0
633,648192,0.11767578125,5.6875,-0.02480100840330124,-0.03965456783771515,0.03231413662433624,0.13035082817077637,0.31978800892829895,0.2568359375,0.0,0.0537109375,0.0
634,649216,0.11845703423023224,5.734375,-0.01797136291861534,-0.030314847826957703,0.02747929096221924,0.1396159678697586,0.31645113229751587,0.2587890625,0.0,0.0546875,0.0
635,650240,0.11787109076976776,6.25,-0.031091351062059402,-0.04382674768567085,0.028270650655031204,0.1399928331375122,0.6743885278701782,0.2548828125,0.001953125,0.046875,0.0
636,651264,0.11650390923023224,5.5625,-0.03218410164117813,-0.04279054328799248,0.024028820917010307,0.14079701900482178,0.46944382786750793,0.2607421875,0.0,0.0693359375,0.0
637,652288,0.11542968451976776,5.40625,-0.024415764957666397,-0.0365145169198513,0.026961252093315125,0.13818734884262085,0.34144508838653564,0.25390625,0.0,0.0576171875,0.0
638,653312,0.11357421427965164,5.96875,-0.03312738984823227,-0.0443728081882,0.025232668966054916,0.13709133863449097,0.25710150599479675,0.25,0.0048828125,0.0546875,0.0
639,654336,0.10878905653953552,6.0,-0.047693848609924316,-0.06071357801556587,0.02893073856830597,0.1445639282464981,0.4456143379211426,0.2421875,0.001953125,0.060546875,0.0
640,655360,0.119140625,5.703125,0.009630938991904259,-0.006393817253410816,0.03461904078722,0.12847641110420227,0.7584009766578674,0.2607421875,0.0009765625,0.0556640625,0.0
641,656384,0.12001952528953552,5.890625,-0.008795765228569508,-0.02062235027551651,0.026320789009332657,0.1333809345960617,0.30403846502304077,0.2607421875,0.0,0.0517578125,0.0
642,657408,0.11874999850988388,6.421875,-0.020952962338924408,-0.03550875186920166,0.03164868801832199,0.12685537338256836,0.2501278221607208,0.255859375,0.001953125,0.044921875,0.0
643,658432,0.11181640625,6.140625,-0.035127151757478714,-0.050656117498874664,0.03357379138469696,0.12579314410686493,0.6229288578033447,0.2490234375,0.001953125,0.0625,0.0
644,659456,0.11591796576976776,5.890625,-0.030852576717734337,-0.0443992093205452,0.02951568365097046,0.12112096697092056,0.5356483459472656,0.2568359375,0.0,0.0625,0.0
645,660480,0.11416015028953552,6.21875,-0.030942440032958984,-0.042059525847435,0.024685615673661232,0.12257202714681625,0.3480468988418579,0.2490234375,0.0,0.0517578125,0.0
646,661504,0.11533202975988388,6.171875,-0.02648993209004402,-0.036189209669828415,0.021847888827323914,0.12246674299240112,0.4065035283565521,0.25390625,0.0009765625,0.0576171875,0.0
647,662528,0.11201171576976776,6.421875,-0.019698774442076683,-0.03112255409359932,0.025450613349676132,0.13015274703502655,0.26223912835121155,0.2470703125,0.001953125,0.056640625,0.0
648,663552,0.11093750596046448,5.875,0.015103434212505817,0.002889348194003105,0.027157120406627655,0.13644741475582123,0.5723265409469604,0.2490234375,0.0009765625,0.0673828125,0.0
649,664576,0.12382812798023224,6.375,-0.04646821320056915,-0.06254847347736359,0.03438522294163704,0.11123508214950562,0.5677696466445923,0.26953125,0.0,0.0546875,0.0
650,665600,0.12138671427965164,6.0625,-0.010874785482883453,-0.02524654008448124,0.031211592257022858,0.12340420484542847,0.25215330719947815,0.263671875,0.0009765625,0.0517578125,0.0
651,666624,0.11376953125,6.015625,-0.013471521437168121,-0.02607530727982521,0.027750317007303238,0.12713724374771118,0.49816781282424927,0.2490234375,0.001953125,0.052734375,0.0
652,667648,0.12460936605930328,6.078125,-0.027519335970282555,-0.042517535388469696,0.03225361555814743,0.11286088824272156,0.46147242188453674,0.275390625,0.0,0.0654296875,0.0
653,668672,0.11474609375,6.328125,0.000314190867356956,-0.014743148349225521,0.03265777602791786,0.1271548867225647,0.5988730192184448,0.2509765625,0.0,0.0537109375,0.0
654,669696,0.12382812798023224,6.75,-0.0031340052373707294,-0.019925622269511223,0.036151304841041565,0.12840354442596436,0.30992093682289124,0.267578125,0.0,0.0498046875,0.0
655,670720,0.11640624701976776,6.5625,-0.012661045417189598,-0.025049980729818344,0.027287974953651428,0.1255052089691162,0.287981778383255,0.2568359375,0.0009765625,0.0595703125,0.0
656,671744,0.11494140326976776,6.515625,0.000495800981298089,-0.01355009526014328,0.03060341253876686,0.12558101117610931,0.41152527928352356,0.2509765625,0.0,0.052734375,0.0
657,672768,0.109375,5.34375,-0.0042252736166119576,-0.01603561080992222,0.026392396539449692,0.1385861039161682,0.41501906514167786,0.24609375,0.0,0.068359375,0.0
658,673792,0.11953124403953552,5.84375,-0.012888040393590927,-0.02380281127989292,0.024129319936037064,0.11498895287513733,0.24172595143318176,0.263671875,0.0,0.0615234375,0.0
659,674816,0.1191406175494194,6.015625,-0.033130764961242676,-0.04526541754603386,0.02690357342362404,0.13171377778053284,0.25853925943374634,0.2626953125,0.0009765625,0.060546875,0.0
660,675840,0.10908202826976776,6.234375,-0.026690268889069557,-0.04018927738070488,0.029545726254582405,0.12738528847694397,0.40575796365737915,0.2392578125,0.0,0.052734375,0.0
661,676864,0.11435547471046448,6.609375,-0.013224535621702671,-0.027864983305335045,0.03186211735010147,0.12906113266944885,0.18033520877361298,0.2490234375,0.0,0.05078125,0.0
662,677888,0.11474609375,6.203125,-0.04239131137728691,-0.05609598755836487,0.03000739961862564,0.12990233302116394,0.33691519498825073,0.2529296875,0.001953125,0.0576171875,0.0
663,678912,0.10517577826976776,5.875,-0.010386317037045956,-0.022269325330853462,0.02640000730752945,0.13169953227043152,0.2804993689060211,0.2314453125,0.0,0.052734375,0.0
664,679936,0.12236328423023224,6.265625,-0.01016028132289648,-0.02357473224401474,0.02929665520787239,0.1233876571059227,0.5794193744659424,0.26171875,0.0009765625,0.0419921875,0.0
665,680960,0.11337890475988388,5.875,0.0012596098240464926,-0.009698278270661831,0.024450942873954773,0.12675833702087402,0.2990013062953949,0.2470703125,0.0,0.05078125,0.0
666,681984,0.11943359673023224,6.453125,-0.042198546230793,-0.05534714460372925,0.028725776821374893,0.12142889946699142,0.44893720746040344,0.2587890625,0.0,0.0498046875,0.0
667,683008,0.1166992112994194,6.3125,0.018497321754693985,0.007990662008523941,0.02348681539297104,0.12367471307516098,0.3021327555179596,0.2587890625,0.0,0.0634765625,0.0
668,684032,0.12333983927965164,5.953125,0.02137017622590065,0.008762418292462826,0.027786195278167725,0.12853404879570007,0.41222497820854187,0.2724609375,0.0,0.064453125,0.0
669,685056,0.11748047173023224,6.40625,-0.02465282380580902,-0.03917059302330017,0.031506795436143875,0.12356293201446533,0.5552307963371277,0.2548828125,0.0,0.0498046875,0.0
670,686080,0.11064453423023224,5.921875,-0.04419964179396629,-0.05834658443927765,0.03101925179362297,0.13626855611801147,0.44315436482429504,0.2421875,0.0009765625,0.0517578125,0.0
671,687104,0.11572265625,6.59375,0.007029091008007526,-0.007683529518544674,0.03209792077541351,0.13363397121429443,0.5329030752182007,0.2490234375,0.0,0.0439453125,0.0
672,688128,0.11249999701976776,6.265625,0.006118654273450375,-0.005617064423859119,0.026092572137713432,0.1310567557811737,0.4227169454097748,0.248046875,0.0,0.0576171875,0.0
673,689152,0.11113280802965164,5.765625,-0.02449887804687023,-0.035300131887197495,0.024290788918733597,0.13441413640975952,0.4931217133998871,0.24609375,0.0,0.0595703125,0.0
674,690176,0.11142577230930328,5.859375,-0.008786558173596859,-0.019844992086291313,0.024791793897747993,0.13374631106853485,0.24334998428821564,0.2470703125,0.00390625,0.05859375,0.0
675,691200,0.12031249701976776,6.640625,-0.01800403743982315,-0.03169642761349678,0.02977180853486061,0.11935144662857056,0.2846274971961975,0.259765625,0.0,0.0478515625,0.0
676,692224,0.10927733778953552,5.890625,0.003916822373867035,-0.007363438606262207,0.025244833901524544,0.1342156082391739,0.2518938481807709,0.2412109375,0.0,0.056640625,0.0
677,693248,0.12158203125,6.484375,-0.028832079842686653,-0.041851408779621124,0.028461940586566925,0.12116405367851257,0.41950178146362305,0.267578125,0.0009765625,0.060546875,0.0
678,694272,0.11601562052965164,5.953125,-0.019430721178650856,-0.03149508684873581,0.026543371379375458,0.12073201686143875,0.23529808223247528,0.2578125,0.0,0.064453125,0.0
679,695296,0.11298827826976776,6.65625,-0.023932447656989098,-0.03616682067513466,0.02713731676340103,0.13342854380607605,0.23660331964492798,0.2470703125,0.0,0.052734375,0.0
680,696320,0.12070312350988388,5.75,-0.006847994867712259,-0.02231328934431076,0.03334973007440567,0.12095706164836884,0.5748574733734131,0.265625,0.0,0.060546875,0.0
681,697344,0.1240234449505806,6.171875,0.0050671822391450405,-0.007870124652981758,0.028343480080366135,0.12344332784414291,0.3508851230144501,0.2724609375,0.0009765625,0.060546875,0.0
682,698368,0.11796874552965164,6.625,0.005884537473320961,-0.006489228457212448,0.027242178097367287,0.12473230063915253,0.2709561288356781,0.25390625,0.0,0.044921875,0.0
683,699392,0.11240234225988388,6.796875,0.001396695850417018,-0.011269962415099144,0.02777056209743023,0.12186227738857269,0.35547688603401184,0.2451171875,0.0,0.05078125,0.0
684,700416,0.12177734822034836,6.625,-0.004479941911995411,-0.021343955770134926,0.03633721172809601,0.13045921921730042,0.3445098102092743,0.2685546875,0.001953125,0.0615234375,0.0
685,701440,0.11865234375,6.671875,-0.007017713040113449,-0.021580886095762253,0.031792886555194855,0.13332700729370117,0.31844478845596313,0.2607421875,0.0,0.05859375,0.0
686,702464,0.11318360269069672,5.8125,0.0019758627749979496,-0.010792938061058521,0.028096985071897507,0.1279691755771637,0.21141573786735535,0.2529296875,0.0,0.06640625,0.0
687,703488,0.12529295682907104,5.484375,0.0032256986014544964,-0.009831157512962818,0.028566118329763412,0.12262029945850372,0.17834804952144623,0.2744140625,0.0,0.0595703125,0.0
688,704512,0.10927734524011612,5.890625,-0.011098471470177174,-0.02114475704729557,0.02260715514421463,0.12572921812534332,0.3508436679840088,0.2392578125,0.0,0.0517578125,0.0
689,705536,0.11787109076976776,6.6875,-0.0011125493329018354,-0.01675274595618248,0.03383713215589523,0.1278369426727295,0.4100341796875,0.2568359375,0.0,0.052734375,0.0
690,706560,0.11259765923023224,6.296875,0.004796248394995928,-0.005367729347199202,0.022853272035717964,0.12626582384109497,0.27496767044067383,0.2490234375,0.0,0.0595703125,0.0
691,707584,0.11533202975988388,5.890625,0.004177972674369812,-0.005518387071788311,0.02195534110069275,0.12813109159469604,0.21895717084407806,0.2568359375,0.0,0.0654296875,0.0
692,708608,0.11513671278953552,6.09375,-0.029000835493206978,-0.041300468146800995,0.027105122804641724,0.12529289722442627,0.22317487001419067,0.25,0.0009765625,0.048828125,0.0
693,709632,0.11191406100988388,5.765625,-0.02726016752421856,-0.03973104804754257,0.02762851119041443,0.1343374252319336,0.23711402714252472,0.248046875,0.0,0.060546875,0.0
694,710656,0.11435547471046448,5.59375,-0.01731771044433117,-0.03063199296593666,0.02919195033609867,0.1281692087650299,0.20394445955753326,0.2509765625,0.0,0.0556640625,0.0
695,711680,0.12216797471046448,6.203125,0.0047366926446557045,-0.007787124253809452,0.027325406670570374,0.11388862878084183,0.19400227069854736,0.265625,0.0009765625,0.052734375,0.0
696,712704,0.11962890625,6.78125,0.003331206040456891,-0.009985700249671936,0.029137514531612396,0.12518510222434998,0.2216961532831192,0.2568359375,0.0,0.0439453125,0.0
697,713728,0.11152344197034836,6.328125,-0.011363837867975235,-0.023799771443009377,0.027586765587329865,0.13574489951133728,0.2856760621070862,0.244140625,0.001953125,0.0517578125,0.0
698,714752,0.11611327528953552,6.265625,-0.00865202397108078,-0.022548114880919456,0.030422456562519073,0.13151369988918304,0.297617107629776,0.2529296875,0.0,0.0517578125,0.0
699,715776,0.11171874403953552,5.484375,-0.02225062996149063,-0.034388475120067596,0.026907382532954216,0.1315847635269165,0.3209047317504883,0.24609375,0.001953125,0.0556640625,0.0
700,716800,0.11455078423023224,5.96875,0.0006861226866021752,-0.00996333733201027,0.023684032261371613,0.11925560981035233,0.2341461330652237,0.2470703125,0.0,0.044921875,0.0
701,717824,0.11279296875,6.671875,0.021051933988928795,0.010812447406351566,0.02295718900859356,0.12391076982021332,0.4481029212474823,0.2470703125,0.0,0.0537109375,0.0
702,718848,0.11210937798023224,5.75,-0.014238346368074417,-0.02795891836285591,0.030202114954590797,0.13804851472377777,0.2382989227771759,0.2490234375,0.0029296875,0.060546875,0.0
703,719872,0.11357422173023224,5.484375,-0.004600606393069029,-0.014856941998004913,0.02318645268678665,0.1336890608072281,0.24058589339256287,0.2470703125,0.0,0.0498046875,0.0
704,720896,0.11562499403953552,6.109375,-0.01133644301444292,-0.024704959243535995,0.02922079712152481,0.12418821454048157,0.17197254300117493,0.25390625,0.0,0.056640625,0.0
705,721920,0.11923827975988388,5.671875,0.009086559526622295,-0.005437832325696945,0.031480822712183,0.12160191684961319,0.20555002987384796,0.2626953125,0.0,0.060546875,0.0
706,722944,0.11894530802965164,6.03125,-0.007798784412443638,-0.01951197162270546,0.02581542357802391,0.11945246905088425,0.2856467664241791,0.2587890625,0.0009765625,0.0517578125,0.0
707,723968,0.11826171725988388,5.359375,-0.011520431376993656,-0.02320145070552826,0.025653652846813202,0.11458073556423187,0.24864770472049713,0.2626953125,0.0,0.0654296875,0.0
708,724992,0.119140625,5.859375,-0.027403106912970543,-0.04071709141135216,0.02918034791946411,0.1276189386844635,0.3124519884586334,0.2587890625,0.0009765625,0.05078125,0.0
709,726016,0.11249999701976776,5.875,-0.0005465563153848052,-0.01391597930341959,0.029379967600107193,0.1320560872554779,0.2768489718437195,0.24609375,0.0,0.052734375,0.0
710,727040,0.11689452826976776,6.375,-0.014606023207306862,-0.027171235531568527,0.027641478925943375,0.12555274367332458,0.2534771263599396,0.25390625,0.0009765625,0.0498046875,0.0
711,728064,0.11542968451976776,6.171875,-0.015124115161597729,-0.02973226085305214,0.03173673152923584,0.12602201104164124,0.4158342480659485,0.2548828125,0.0009765625,0.0595703125,0.0
712,729088,0.11455078423023224,5.765625,-0.01575380563735962,-0.029389727860689163,0.029912248253822327,0.13202013075351715,0.2704761028289795,0.2548828125,0.001953125,0.0634765625,0.0
713,730112,0.11767578125,5.421875,0.011881772428750992,-0.0016791187226772308,0.029400596395134926,0.11394070088863373,0.18838191032409668,0.259765625,0.0009765625,0.060546875,0.0
714,731136,0.12138672173023224,5.359375,-0.017614660784602165,-0.029181845486164093,0.02566426992416382,0.1264950931072235,0.31887009739875793,0.2666015625,0.0,0.0595703125,0.0
715,732160,0.12089844048023224,5.578125,-0.025377586483955383,-0.03596418723464012,0.023616110906004906,0.12214560061693192,0.23086288571357727,0.263671875,0.0,0.0546875,0.0
716,733184,0.12070313096046448,5.796875,-0.005195576697587967,-0.01977107860147953,0.03151873126626015,0.11838638782501221,0.21843087673187256,0.267578125,0.0,0.0654296875,0.0
717,734208,0.11494141072034836,5.75,-0.006445473060011864,-0.018287135288119316,0.02624617889523506,0.12814271450042725,0.3507623076438904,0.255859375,0.0029296875,0.0634765625,0.0
718,735232,0.11767578125,6.0,0.0021735872142016888,-0.00790176261216402,0.022542815655469894,0.11960580945014954,0.22864463925361633,0.2568359375,0.0,0.0537109375,0.0
719,736256,0.1142578125,5.25,-0.02515052817761898,-0.03784608468413353,0.02784029021859169,0.12245877832174301,0.26042264699935913,0.255859375,0.0,0.068359375,0.0
720,737280,0.11943359673023224,6.46875,0.0017560707638040185,-0.014245441183447838,0.03444410115480423,0.12205386161804199,0.5202804207801819,0.2568359375,0.0,0.044921875,0.0
721,738304,0.11679687350988388,5.46875,0.003773635486140847,-0.009036265313625336,0.027914999052882195,0.11475986987352371,0.38009652495384216,0.26171875,0.0,0.0703125,0.0
722,739328,0.11601562798023224,6.046875,-0.01968720182776451,-0.03089621663093567,0.02496684342622757,0.1274406462907791,0.26651468873023987,0.25390625,0.0,0.0546875,0.0
723,740352,0.11874999850988388,5.578125,-0.02425878494977951,-0.03480739891529083,0.023455791175365448,0.11792813986539841,0.156758114695549,0.265625,0.0,0.0703125,0.0
724,741376,0.11884765326976776,6.046875,-0.01766779087483883,-0.030084773898124695,0.027497563511133194,0.1331799179315567,0.4591503441333771,0.2568359375,0.0,0.0478515625,0.0
725,742400,0.109375,6.03125,-0.03619687631726265,-0.04687851667404175,0.0240187905728817,0.1327757090330124,0.4427453279495239,0.240234375,0.0,0.0537109375,0.0
726,743424,0.11787109822034836,6.0625,0.009844405576586723,-0.0006523020565509796,0.023309331387281418,0.11579577624797821,0.2000853717327118,0.2568359375,0.0,0.052734375,0.0
727,744448,0.12353515625,5.90625,-0.011884037405252457,-0.028378721326589584,0.03530961275100708,0.11601224541664124,0.587096095085144,0.26953125,0.0009765625,0.0556640625,0.0
728,745472,0.11855468899011612,5.84375,-0.004464311059564352,-0.02061709389090538,0.03472933918237686,0.12118867039680481,0.47844386100769043,0.259765625,0.0,0.056640625,0.0
729,746496,0.11904297024011612,5.859375,-0.029634427279233932,-0.040240880101919174,0.02393351122736931,0.13603022694587708,0.26090008020401,0.2587890625,0.0,0.0517578125,0.0
730,747520,0.11660156399011612,5.75,-0.046333011239767075,-0.055653348565101624,0.02122620865702629,0.12927697598934174,0.3951927125453949,0.255859375,0.0,0.056640625,0.0
731,748544,0.11181640625,5.40625,-0.00765094393864274,-0.019261308014392853,0.025782989338040352,0.1281130462884903,0.46523693203926086,0.25,0.0009765625,0.0654296875,0.0
732,749568,0.11845703423023224,6.0,-0.009431557729840279,-0.020648036152124405,0.024760721251368523,0.116388238966465,0.2271021604537964,0.2578125,0.0009765625,0.0517578125,0.0
733,750592,0.12265624850988388,6.265625,-0.0007911899592727423,-0.012133547104895115,0.025204995647072792,0.12601406872272491,0.26777905225753784,0.2685546875,0.0009765625,0.0576171875,0.0
734,751616,0.11757811903953552,6.28125,-0.002932453528046608,-0.015766285359859467,0.027920234948396683,0.11262857913970947,0.16347235441207886,0.2578125,0.0,0.056640625,0.0
735,752640,0.11386717855930328,6.453125,-0.011692378669977188,-0.022454891353845596,0.024092838168144226,0.12839065492153168,0.18554922938346863,0.2470703125,0.0009765625,0.0478515625,0.0
736,753664,0.11337889730930328,6.53125,-0.013188025914132595,-0.024146582931280136,0.02456962689757347,0.13262565433979034,0.3015751838684082,0.2490234375,0.0,0.0556640625,0.0
737,754688,0.11376953125,6.078125,-0.017295701429247856,-0.03143510967493057,0.030998118221759796,0.1359650194644928,0.31966814398765564,0.248046875,0.0009765625,0.05078125,0.0
738,755712,0.12148437649011612,5.984375,-0.012800210155546665,-0.027908585965633392,0.032683808356523514,0.12335285544395447,0.503622829914093,0.263671875,0.001953125,0.05078125,0.0
739,756736,0.11962890625,5.859375,-0.018152864649891853,-0.029288332909345627,0.02492443099617958,0.13267472386360168,0.2356906533241272,0.2626953125,0.0,0.05859375,0.0
740,757760,0.12050780653953552,5.78125,-0.018819987773895264,-0.031035110354423523,0.027000511065125465,0.12851311266422272,0.3333384394645691,0.2646484375,0.0009765625,0.05859375,0.0
741,758784,0.12050780653953552,6.03125,-0.003628009231761098,-0.01765207014977932,0.03067529760301113,0.1313587874174118,0.2976987659931183,0.2626953125,0.0009765625,0.0537109375,0.0
742,759808,0.11904296278953552,6.0,-0.02005123905837536,-0.03139915317296982,0.025247881188988686,0.12760260701179504,0.30455198884010315,0.2587890625,0.0,0.0517578125,0.0
743,760832,0.10908202826976776,5.84375,-0.00559378694742918,-0.017589380964636803,0.026812024414539337,0.1410418152809143,0.45857641100883484,0.2421875,0.0009765625,0.0595703125,0.0
744,761856,0.12187500298023224,5.96875,0.014035521075129509,0.000583382323384285,0.029305946081876755,0.12008345872163773,0.3775840699672699,0.267578125,0.0,0.0595703125,0.0
745,762880,0.111328125,6.296875,0.0006006479961797595,-0.012459421530365944,0.02851514145731926,0.11975012719631195,0.42906999588012695,0.244140625,0.0,0.0537109375,0.0
746,763904,0.11240234225988388,5.90625,-0.009981732815504074,-0.02350258082151413,0.02941550873219967,0.11869066953659058,0.4273422658443451,0.2490234375,0.0,0.060546875,0.0
747,764928,0.12197265028953552,5.90625,0.00851239450275898,-0.003858516924083233,0.02715490385890007,0.12065404653549194,0.21098656952381134,0.26953125,0.0009765625,0.0634765625,0.0
748,765952,0.11562500149011612,5.59375,-0.02245277166366577,-0.03419146314263344,0.025965435430407524,0.12440277636051178,0.2575596570968628,0.25390625,0.0,0.056640625,0.0
749,766976,0.1171875,6.015625,-0.0308364424854517,-0.04423549771308899,0.029198992997407913,0.12004408985376358,0.6407452821731567,0.2568359375,0.0009765625,0.0556640625,0.0
750,768000,0.11855468153953552,5.921875,-0.01550083514302969,-0.028254156932234764,0.027665581554174423,0.10794691741466522,0.2513688802719116,0.259765625,0.0,0.056640625,0.0
751,769024,0.1171875,5.296875,0.005139926448464394,-0.00690960418432951,0.02654467150568962,0.12228048592805862,0.4681797921657562,0.259765625,0.0,0.0634765625,0.0
752,770048,0.12041015923023224,5.796875,-0.012525963596999645,-0.023440435528755188,0.024192605167627335,0.11818306893110275,0.22403956949710846,0.26171875,0.0009765625,0.0517578125,0.0
753,771072,0.12265624105930328,6.390625,0.00537078594788909,-0.008763661608099937,0.030945690348744392,0.13383977115154266,0.6637564897537231,0.265625,0.0,0.05078125,0.0
754,772096,0.12148436903953552,6.359375,-0.007123287301510572,-0.021118951961398125,0.03051793947815895,0.12633049488067627,0.6602113842964172,0.26171875,0.0,0.046875,0.0
755,773120,0.12021484225988388,6.25,0.01618116721510887,0.00266506290063262,0.02940841019153595,0.11881019920110703,0.2358790785074234,0.2646484375,0.0,0.060546875,0.0
756,774144,0.11845703423023224,6.609375,-0.025071226060390472,-0.03708331659436226,0.0264805406332016,0.12281791865825653,0.3640933036804199,0.2578125,0.0009765625,0.0517578125,0.0
757,775168,0.11376953125,5.9375,-0.0047638900578022,-0.018020156770944595,0.029109347611665726,0.12984071671962738,0.6304822564125061,0.2509765625,0.0,0.05859375,0.0
758,776192,0.11123047024011612,6.015625,-0.020419307053089142,-0.03133571147918701,0.02442682534456253,0.1297009140253067,0.533646285533905,0.2412109375,0.0,0.046875,0.0
759,777216,0.11777343600988388,5.703125,-0.013872857205569744,-0.024708688259124756,0.024204662069678307,0.12664996087551117,0.2865411043167114,0.2578125,0.0,0.0556640625,0.0
760,778240,0.11171874403953552,5.859375,-0.012700065970420837,-0.026043474674224854,0.029337309300899506,0.13252456486225128,0.3594288229942322,0.24609375,0.0,0.056640625,0.0
761,779264,0.1123046875,5.84375,-0.013791656121611595,-0.025684839114546776,0.026476943865418434,0.13452889025211334,0.58001708984375,0.25,0.0,0.0634765625,0.0
762,780288,0.11435546725988388,6.203125,-0.01920495554804802,-0.03499036654829979,0.034181270748376846,0.13052251935005188,0.5751832723617554,0.2509765625,0.005859375,0.052734375,0.0
763,781312,0.11835937201976776,5.96875,-0.030306914821267128,-0.04416825994849205,0.03029453754425049,0.1285923719406128,0.4095175564289093,0.2578125,0.0,0.052734375,0.0
764,782336,0.11669921875,5.84375,-0.032558806240558624,-0.04583021625876427,0.029028702527284622,0.12429425865411758,0.3049401044845581,0.2548828125,0.0,0.0537109375,0.0
765,783360,0.12050782144069672,5.75,-0.010058192536234856,-0.025047723203897476,0.03248926252126694,0.1255100667476654,0.6052970290184021,0.2646484375,0.0009765625,0.05859375,0.0
766,784384,0.11484374850988388,5.359375,-0.006364469416439533,-0.01958801969885826,0.02910982072353363,0.13313603401184082,0.7112427949905396,0.25390625,0.0,0.060546875,0.0
767,785408,0.1220703125,5.625,-0.025051642209291458,-0.038971226662397385,0.0302947498857975,0.12277910113334656,0.32141736149787903,0.26953125,0.0,0.0634765625,0.0
768,786432,0.12158203125,5.546875,-0.0024053289089351892,-0.016512874513864517,0.03074047714471817,0.12626929581165314,0.20216050744056702,0.2685546875,0.0,0.0634765625,0.0
769,787456,0.12246093899011612,5.0625,-0.04821300506591797,-0.06351800262928009,0.03293585777282715,0.11629309505224228,0.4053303599357605,0.2705078125,0.0009765625,0.0634765625,0.0
770,788480,0.10976562649011612,6.03125,-0.030840512365102768,-0.04236803948879242,0.025752440094947815,0.1348692625761032,0.46164992451667786,0.23828125,0.0,0.046875,0.0
771,789504,0.1201171875,5.65625,-0.019867006689310074,-0.032584428787231445,0.027899792417883873,0.12324747443199158,0.3659200668334961,0.2646484375,0.0009765625,0.060546875,0.0
772,790528,0.11572265625,5.8125,-0.038258280605077744,-0.05145944654941559,0.02870158664882183,0.11496271193027496,0.24754200875759125,0.25390625,0.0009765625,0.0556640625,0.0
773,791552,0.12285156548023224,6.5,-0.03889116644859314,-0.053432442247867584,0.031639643013477325,0.12785445153713226,0.43203145265579224,0.263671875,0.0,0.044921875,0.0
774,792576,0.11474609375,5.546875,-0.025577224791049957,-0.03853336349129677,0.028494132682681084,0.12909290194511414,0.5708493590354919,0.2509765625,0.0,0.0537109375,0.0
775,793600,0.1162109375,6.125,-0.03513440117239952,-0.049768440425395966,0.03170940279960632,0.12206634879112244,0.44518211483955383,0.251953125,0.001953125,0.0478515625,0.0
776,794624,0.11845703423023224,5.484375,-0.037400517612695694,-0.050344452261924744,0.02843552827835083,0.12738312780857086,0.32487648725509644,0.26171875,0.0009765625,0.0615234375,0.0
777,795648,0.12031249701976776,4.953125,0.0010503956582397223,-0.011742798611521721,0.02790384367108345,0.11587276309728622,0.4307310879230499,0.265625,0.0,0.0625,0.0
778,796672,0.13066406548023224,6.265625,0.0004086483968421817,-0.014330275356769562,0.03167928755283356,0.11007200926542282,0.3946848511695862,0.2802734375,0.0009765625,0.046875,0.0
779,797696,0.11503906548023224,5.5625,-0.022130729630589485,-0.035261355340480804,0.028796153143048286,0.12674495577812195,0.3651263415813446,0.2529296875,0.0009765625,0.056640625,0.0
780,798720,0.11884765326976776,5.953125,-0.00031542323995381594,-0.014427177608013153,0.03044683113694191,0.11116612702608109,0.45757803320884705,0.2587890625,0.0,0.052734375,0.0
781,799744,0.1181640625,6.84375,0.00896130409091711,-0.002427340019494295,0.025196373462677002,0.12095433473587036,0.2948559820652008,0.251953125,0.001953125,0.0380859375,0.0
782,800768,0.11572265625,6.453125,-0.019262095913290977,-0.03183496370911598,0.02770528569817543,0.12797757983207703,0.3109293580055237,0.2529296875,0.0,0.0537109375,0.0
783,801792,0.11435546725988388,6.15625,-0.006410145200788975,-0.01672232896089554,0.023140233010053635,0.12579326331615448,0.24900904297828674,0.2509765625,0.0,0.0556640625,0.0
784,802816,0.11474609375,5.78125,0.009997649118304253,-0.0015589259564876556,0.025591328740119934,0.12390895187854767,0.1939631700515747,0.2548828125,0.0,0.0634765625,0.0
785,803840,0.12705078721046448,6.765625,0.0010775394039228559,-0.01744801364839077,0.03925914317369461,0.11040185391902924,0.6716863512992859,0.2744140625,0.0,0.05078125,0.0
786,804864,0.11103516072034836,5.984375,-0.0023455186747014523,-0.016977712512016296,0.031923528760671616,0.13295704126358032,0.244024395942688,0.2431640625,0.0,0.052734375,0.0
787,805888,0.11787109076976776,6.671875,0.0049036238342523575,-0.0048192935064435005,0.021855171769857407,0.12046685814857483,0.2974170446395874,0.2568359375,0.0,0.052734375,0.0
788,806912,0.10634765774011612,5.609375,-0.051519930362701416,-0.06591514497995377,0.03149120882153511,0.13503886759281158,0.43274229764938354,0.23828125,0.0009765625,0.0634765625,0.0
789,807936,0.12373046576976776,5.8125,0.003731692209839821,-0.010860150679945946,0.031332068145275116,0.10741911828517914,0.1822212189435959,0.267578125,0.0009765625,0.0498046875,0.0
790,808960,0.11542968451976776,7.0,0.012802517972886562,0.001400595996528864,0.025190718472003937,0.11934368312358856,0.3108476996421814,0.25,0.0,0.0478515625,0.0
791,809984,0.11865234375,6.0625,0.005091558210551739,-0.009420832619071007,0.03119237907230854,0.10837990045547485,0.2679278552532196,0.2646484375,0.0,0.068359375,0.0
792,811008,0.1142578125,6.28125,-0.03619176894426346,-0.04914011061191559,0.028475550934672356,0.1289435774087906,0.25964897871017456,0.251953125,0.0,0.05859375,0.0
793,812032,0.12246093153953552,6.203125,-0.0022692778147757053,-0.01607864908874035,0.03016340360045433,0.12723305821418762,0.2510969042778015,0.265625,0.0,0.0517578125,0.0
794,813056,0.11757812649011612,5.90625,-0.013730163685977459,-0.024856146425008774,0.02459324337542057,0.11706387996673584,0.4070450961589813,0.2568359375,0.0029296875,0.052734375,0.0
795,814080,0.12246093899011612,6.34375,-0.003879498690366745,-0.015442337840795517,0.025403467938303947,0.11388947069644928,0.18077899515628815,0.267578125,0.0,0.056640625,0.0
796,815104,0.11767578125,5.734375,-0.021872365847229958,-0.03264294192194939,0.023896388709545135,0.11776191741228104,0.15869292616844177,0.2548828125,0.0,0.048828125,0.0
797,816128,0.11660156399011612,6.171875,-0.036709513515233994,-0.048507772386074066,0.026036709547042847,0.12200948596000671,0.2852803170681,0.255859375,0.001953125,0.0556640625,0.0
798,817152,0.11884765326976776,6.453125,0.010975341312587261,-0.0008784392848610878,0.026088329032063484,0.11903837323188782,0.2676936388015747,0.2548828125,0.0,0.04296875,0.0
799,818176,0.11269530653953552,5.4375,-0.004664385691285133,-0.016035431995987892,0.025227949023246765,0.12429282069206238,0.30703404545783997,0.251953125,0.0,0.06640625,0.0
800,819200,0.12578125298023224,6.203125,-0.013339619152247906,-0.029070621356368065,0.033669363707304,0.11036798357963562,0.2605108618736267,0.2724609375,0.0048828125,0.0498046875,0.0
801,820224,0.11445312201976776,6.0625,0.0015692374436184764,-0.012930172495543957,0.03150036185979843,0.12507709860801697,0.2475535124540329,0.2490234375,0.0009765625,0.0498046875,0.0
802,821248,0.12421874701976776,6.8125,-0.014693784527480602,-0.028496025130152702,0.02981850504875183,0.11070121079683304,0.26362162828445435,0.263671875,0.0,0.0380859375,0.0
803,822272,0.11123047024011612,6.625,-0.025663364678621292,-0.03950725495815277,0.030082423239946365,0.11973212659358978,0.49218302965164185,0.2451171875,0.0,0.056640625,0.0
804,823296,0.12226562201976776,6.609375,0.004913095850497484,-0.008230028674006462,0.028656501322984695,0.1185126006603241,0.2881467938423157,0.265625,0.0,0.052734375,0.0
805,824320,0.12128905951976776,5.875,-0.00030030938796699047,-0.014854436740279198,0.03138584643602371,0.11387959122657776,0.30365660786628723,0.267578125,0.0,0.0625,0.0
806,825344,0.11289063096046448,5.734375,-0.01973283290863037,-0.03401420637965202,0.031215321272611618,0.13262881338596344,0.4722805619239807,0.244140625,0.0,0.0458984375,0.0
807,826368,0.11630859225988388,5.78125,-0.019985094666481018,-0.03220193460583687,0.02660750225186348,0.10869111865758896,0.1833334118127823,0.2529296875,0.0,0.05078125,0.0
808,827392,0.11962890625,6.578125,-0.010426227003335953,-0.02314598858356476,0.02753508649766445,0.10477814078330994,0.3974542021751404,0.2548828125,0.0,0.0390625,0.0
809,828416,0.12558594346046448,6.828125,-0.009739138185977936,-0.025524117052555084,0.03388120234012604,0.11556222289800644,0.5333955883979797,0.271484375,0.0,0.05078125,0.0
810,829440,0.12412109225988388,6.484375,-0.004086276516318321,-0.020747898146510124,0.035391755402088165,0.10342559218406677,0.18158569931983948,0.2705078125,0.0,0.0556640625,0.0
811,830464,0.115234375,6.15625,-0.020114395767450333,-0.03558327257633209,0.033352334052324295,0.12072908878326416,0.4808686077594757,0.25390625,0.001953125,0.0576171875,0.0
812,831488,0.11806640028953552,5.71875,-0.014669173397123814,-0.026349833235144615,0.0256858691573143,0.11622744053602219,0.32986071705818176,0.2568359375,0.0,0.0517578125,0.0
813,832512,0.12812501192092896,6.1875,-0.0019187936559319496,-0.01550034899264574,0.02961244247853756,0.12246659398078918,0.2778799533843994,0.279296875,0.001953125,0.056640625,0.0
814,833536,0.11562500149011612,6.171875,-0.021027103066444397,-0.03535493463277817,0.03150897100567818,0.1426653265953064,0.49317046999931335,0.2529296875,0.0068359375,0.05078125,0.0
815,834560,0.11738280951976776,6.203125,-0.004840845707803965,-0.020154405385255814,0.03318034112453461,0.1276610791683197,0.44352400302886963,0.25390625,0.0,0.0478515625,0.0
816,835584,0.11953125149011612,6.4375,0.0002975905081257224,-0.015235641971230507,0.03356495499610901,0.12492450326681137,0.451388418674469,0.2578125,0.0,0.046875,0.0
817,836608,0.11406250298023224,6.546875,0.0016818552976474166,-0.013081848621368408,0.03235805034637451,0.14153212308883667,0.3702964782714844,0.25,0.001953125,0.0537109375,0.0
818,837632,0.10546875,5.484375,-0.0016746813198551536,-0.01487234141677618,0.02933666668832302,0.14706732332706451,0.29396581649780273,0.2353515625,0.0029296875,0.0595703125,0.0
819,838656,0.11679687350988388,6.640625,-0.004176714923232794,-0.015600360929965973,0.025617169216275215,0.1384938806295395,0.20846986770629883,0.2529296875,0.0009765625,0.0478515625,0.0
820,839680,0.1162109375,6.71875,-0.012714394368231297,-0.026073221117258072,0.029321040958166122,0.13016939163208008,0.2541584074497223,0.2548828125,0.0029296875,0.0546875,0.0
821,840704,0.12412109971046448,6.0625,-0.001308897975832224,-0.02200060710310936,0.043861955404281616,0.12392685562372208,0.38994985818862915,0.2724609375,0.0,0.060546875,0.0
822,841728,0.11894531548023224,6.25,-0.005318698938935995,-0.016903184354305267,0.0255794208496809,0.12052251398563385,0.4619540274143219,0.2587890625,0.0029296875,0.05078125,0.0
823,842752,0.11503906548023224,5.5,-0.03615295886993408,-0.0509667694568634,0.0324663370847702,0.14193591475486755,0.4118066430091858,0.251953125,0.0,0.0546875,0.0
824,843776,0.11777343600988388,5.890625,-0.00028212356846779585,-0.010012098588049412,0.022088751196861267,0.13144005835056305,0.3106802701950073,0.2578125,0.0,0.0556640625,0.0
825,844800,0.11845703423023224,5.75,-0.01835494302213192,-0.03084864467382431,0.027564750984311104,0.1288672685623169,0.3051149547100067,0.2578125,0.0009765625,0.0517578125,0.0
826,845824,0.11367186903953552,5.84375,-0.024351533502340317,-0.036825813353061676,0.02741355635225773,0.12324973940849304,0.3814855217933655,0.248046875,0.0,0.0517578125,0.0
827,846848,0.11601562798023224,5.71875,-0.01770615577697754,-0.02987310290336609,0.026811793446540833,0.12389495968818665,0.305974543094635,0.2529296875,0.0009765625,0.0517578125,0.0
828,847872,0.11074218899011612,6.40625,-0.02314399741590023,-0.033082544803619385,0.022336401045322418,0.12296530604362488,0.34311673045158386,0.23828125,0.0,0.0419921875,0.0
829,848896,0.11894530802965164,5.921875,-0.004535109736025333,-0.018972167745232582,0.031098656356334686,0.11122701317071915,0.31100019812583923,0.26171875,0.0,0.0595703125,0.0
830,849920,0.12050780653953552,5.796875,0.008631274104118347,-0.006487695034593344,0.032585375010967255,0.1173718050122261,0.24626938998699188,0.263671875,0.0,0.056640625,0.0
831,850944,0.11435546725988388,6.71875,-0.007638003211468458,-0.02116551622748375,0.029472777619957924,0.12088758498430252,0.5838795900344849,0.2470703125,0.0,0.0458984375,0.0
832,851968,0.11328125,6.625,0.010254886001348495,-0.0017246603965759277,0.026260357350111008,0.11506320536136627,0.22465576231479645,0.248046875,0.0,0.0537109375,0.0
833,852992,0.11337889730930328,5.703125,-0.01174694113433361,-0.024030817672610283,0.027186648920178413,0.13094478845596313,0.41618281602859497,0.2529296875,0.0,0.0654296875,0.0
834,854016,0.12041014432907104,6.265625,0.005847808439284563,-0.00901665911078453,0.031877368688583374,0.10742168128490448,0.34791243076324463,0.2607421875,0.0,0.0498046875,0.0
835,855040,0.12080077826976776,6.03125,-0.004704645834863186,-0.020921139046549797,0.034754954278469086,0.11609838157892227,0.49389445781707764,0.2646484375,0.0,0.0576171875,0.0
836,856064,0.12041015177965164,5.203125,-0.0002723147626966238,-0.010212660767138004,0.022052716463804245,0.10860122740268707,0.21521759033203125,0.267578125,0.0009765625,0.06640625,0.0
837,857088,0.11386718600988388,5.703125,-0.019259801134467125,-0.031008541584014893,0.025919228792190552,0.12108731269836426,0.4409889578819275,0.2490234375,0.0009765625,0.052734375,0.0
838,858112,0.11513672024011612,5.515625,-0.01891680434346199,-0.030279535800218582,0.024980247020721436,0.11273925006389618,0.46448686718940735,0.2548828125,0.0,0.0615234375,0.0
839,859136,0.11533203721046448,5.875,-0.013356600888073444,-0.027469290420413017,0.03053484857082367,0.11547347903251648,0.41909658908843994,0.2548828125,0.00390625,0.05859375,0.0
840,860160,0.12246093153953552,6.28125,0.0024751226883381605,-0.011801430024206638,0.03086109831929207,0.11539965122938156,0.36461547017097473,0.263671875,0.0,0.046875,0.0
841,861184,0.1259765625,7.140625,-0.017371801659464836,-0.03169890493154526,0.03090708702802658,0.11264408379793167,0.27063292264938354,0.2705078125,0.0009765625,0.0458984375,0.0
842,862208,0.11074218153953552,6.953125,0.0012567343655973673,-0.009767746552824974,0.024634145200252533,0.1292591691017151,0.41388314962387085,0.2412109375,0.0009765625,0.048828125,0.0
843,863232,0.12392577528953552,6.109375,-0.015767794102430344,-0.029550475999712944,0.029690127819776535,0.10623829811811447,0.23262527585029602,0.2705078125,0.0,0.056640625,0.0
844,864256,0.10751953721046448,5.796875,-0.010576317086815834,-0.02104797028005123,0.023350488394498825,0.12035910785198212,0.523710310459137,0.2373046875,0.0,0.0556640625,0.0
845,865280,0.12226561456918716,6.5,-0.004618336912244558,-0.018110476434230804,0.029216457158327103,0.11160889267921448,0.3608364760875702,0.263671875,0.0,0.0478515625,0.0
846,866304,0.11835937201976776,6.90625,-0.022332124412059784,-0.03343650698661804,0.024373050779104233,0.10821425914764404,0.22930221259593964,0.2578125,0.0,0.052734375,0.0
847,867328,0.12080078572034836,7.140625,0.001562663121148944,-0.014253279194235802,0.03380076587200165,0.10844406485557556,0.3426614999771118,0.2626953125,0.0,0.052734375,0.0
848,868352,0.10761718451976776,5.671875,-0.02440730668604374,-0.03560014069080353,0.02468699961900711,0.11506657302379608,0.23367208242416382,0.240234375,0.0,0.0625,0.0
849,869376,0.12333984673023224,6.390625,-0.00946300383657217,-0.021259382367134094,0.02590281143784523,0.11550270020961761,0.3983394205570221,0.2685546875,0.0,0.0546875,0.0
850,870400,0.11874999850988388,5.953125,-0.014757921919226646,-0.026369931176304817,0.025316867977380753,0.10464249551296234,0.22628049552440643,0.263671875,0.0,0.0654296875,0.0
851,871424,0.11855468153953552,6.125,-0.030728362500667572,-0.04281344637274742,0.02633015438914299,0.1079992800951004,0.2677794396877289,0.2578125,0.0,0.0517578125,0.0
852,872448,0.11738280951976776,6.0,-0.004497984424233437,-0.01795525848865509,0.029023427516222,0.10544399172067642,0.4279071092605591,0.255859375,0.0,0.052734375,0.0
853,873472,0.11044920980930328,5.765625,-0.01013057492673397,-0.020451277494430542,0.02300587110221386,0.11822328716516495,0.4281066656112671,0.2392578125,0.0,0.0458984375,0.0
854,874496,0.11630859225988388,5.3125,0.0177166610956192,0.005083052441477776,0.027521507814526558,0.11271455883979797,0.3305128216743469,0.2568359375,0.0,0.060546875,0.0
855,875520,0.11982421576976776,5.625,0.010991107672452927,-0.0004889983683824539,0.024893000721931458,0.09663946181535721,0.4153069257736206,0.2578125,0.0009765625,0.044921875,0.0
856,876544,0.12529295682907104,5.875,0.0016249219188466668,-0.015094174072146416,0.03569008409976959,0.1125946119427681,0.5086411833763123,0.2724609375,0.0,0.0546875,0.0
857,877568,0.11171874403953552,5.609375,-0.021317338570952415,-0.03184376657009125,0.023158032447099686,0.1052587628364563,0.2712661325931549,0.248046875,0.001953125,0.060546875,0.0
858,878592,0.12421875447034836,5.796875,-0.0256101805716753,-0.04016360640525818,0.030996961519122124,0.09450560063123703,0.27400562167167664,0.26953125,0.0,0.052734375,0.0
859,879616,0.11572265625,5.6875,-0.017221875488758087,-0.03095436654984951,0.02966238558292389,0.10987013578414917,0.5080560445785522,0.2548828125,0.0,0.05859375,0.0
860,880640,0.12050780653953552,5.796875,-0.001277636969462037,-0.013423669151961803,0.02633877843618393,0.10233570635318756,0.22115734219551086,0.259765625,0.0,0.046875,0.0
861,881664,0.11708983778953552,6.3125,0.006871520075947046,-0.005581975448876619,0.026706833392381668,0.08999210596084595,0.15315017104148865,0.2587890625,0.0,0.0615234375,0.0
862,882688,0.11582030355930328,5.96875,-0.001340804505161941,-0.014943498186767101,0.029315287247300148,0.10549499094486237,0.3414342999458313,0.25390625,0.0,0.0556640625,0.0
863,883712,0.12451171875,5.96875,-0.011556962504982948,-0.024780599400401115,0.028387803584337234,0.09702648967504501,0.5474047660827637,0.2724609375,0.0,0.05859375,0.0
864,884736,0.11884765326976776,6.5,-0.02964199148118496,-0.043895043432712555,0.030612194910645485,0.1053045243024826,0.24114474654197693,0.2607421875,0.0,0.0576171875,0.0
865,885760,0.12236327677965164,6.296875,-0.021170662716031075,-0.03379857540130615,0.027233390137553215,0.098878413438797,0.19070503115653992,0.265625,0.0009765625,0.0517578125,0.0
866,886784,0.12128905206918716,6.140625,-0.012645315378904343,-0.02425178326666355,0.025234155356884003,0.10106101632118225,0.3581556975841522,0.265625,0.0,0.0576171875,0.0
867,887808,0.12138672173023224,6.765625,-0.017704488709568977,-0.030331185087561607,0.027625370770692825,0.1185988336801529,0.41515880823135376,0.2646484375,0.0,0.0546875,0.0
868,888832,0.10859374701976776,5.984375,-0.018497982993721962,-0.029464423656463623,0.02429860830307007,0.11828640848398209,0.4240618348121643,0.240234375,0.0,0.0576171875,0.0
869,889856,0.12089843302965164,5.90625,0.006953193340450525,-0.00839040707796812,0.03287716209888458,0.10949806869029999,0.40507054328918457,0.265625,0.0,0.0595703125,0.0
870,890880,0.11923827975988388,6.890625,-0.021745825186371803,-0.036052655428647995,0.031063728034496307,0.12250329554080963,0.5640236735343933,0.2587890625,0.00390625,0.048828125,0.0
871,891904,0.11513672024011612,6.640625,-0.0007988789584487677,-0.013687826693058014,0.028538044542074203,0.13800746202468872,0.30524593591690063,0.251953125,0.0009765625,0.0537109375,0.0
872,892928,0.11289061605930328,5.53125,-0.021996386349201202,-0.034978486597537994,0.028479883447289467,0.1257839798927307,0.42834633588790894,0.251953125,0.001953125,0.064453125,0.0
873,893952,0.11601562798023224,6.625,-0.004369671456515789,-0.020791081711649895,0.035310350358486176,0.12337648123502731,0.25649216771125793,0.248046875,0.015625,0.0322265625,0.0
874,894976,0.11396484076976776,6.515625,-0.02026098221540451,-0.03271105885505676,0.027273084968328476,0.1186465248465538,0.2904045879840851,0.2509765625,0.0078125,0.0537109375,0.0
875,896000,0.11533202230930328,6.21875,-0.02660452388226986,-0.04302235692739487,0.03535047918558121,0.1257406622171402,0.3406466841697693,0.251953125,0.0029296875,0.0517578125,0.0
876,897024,0.11806640028953552,6.421875,-0.002718390431255102,-0.015569886192679405,0.028203291818499565,0.1250150203704834,0.293319433927536,0.2568359375,0.0,0.0517578125,0.0
877,898048,0.11191406100988388,6.859375,0.004194522276520729,-0.008205227553844452,0.026984689757227898,0.10925949364900589,0.34126177430152893,0.2431640625,0.0029296875,0.046875,0.0
878,899072,0.11240234225988388,5.5625,-0.0018790143076330423,-0.015049565583467484,0.028623323887586594,0.11411106586456299,0.21331331133842468,0.2509765625,0.0,0.0654296875,0.0
879,900096,0.12187500298023224,5.875,0.018023570999503136,0.004019785672426224,0.030283980071544647,0.11382052302360535,0.2770552933216095,0.2626953125,0.0048828125,0.044921875,0.0
880,901120,0.1142578125,6.4375,-0.006694909185171127,-0.020648861303925514,0.030315738171339035,0.12039172649383545,0.2740747928619385,0.25,0.0,0.0537109375,0.0
881,902144,0.11894531548023224,6.203125,-0.002263194415718317,-0.01360376738011837,0.025039149448275566,0.11790016293525696,0.29838117957115173,0.26171875,0.0,0.0595703125,0.0
882,903168,0.1142578125,6.25,-0.017818138003349304,-0.030130688101053238,0.02704210951924324,0.1208505630493164,0.3516779839992523,0.248046875,0.0,0.048828125,0.0
883,904192,0.11806640774011612,6.171875,-0.004752665758132935,-0.016914311796426773,0.026686975732445717,0.1181841790676117,0.19356155395507812,0.2568359375,0.0,0.0517578125,0.0
884,905216,0.11689452826976776,5.875,-0.03752991557121277,-0.04958828538656235,0.026471354067325592,0.11773061752319336,0.24303734302520752,0.255859375,0.0009765625,0.0546875,0.0
885,906240,0.11318358778953552,6.109375,0.01658729836344719,0.0044079674407839775,0.026845602318644524,0.12434700131416321,0.2994571626186371,0.2490234375,0.001953125,0.0556640625,0.0
886,907264,0.11728515475988388,6.59375,-0.008172456175088882,-0.02409074828028679,0.03423786908388138,0.12006419897079468,0.34650102257728577,0.2529296875,0.0,0.0458984375,0.0
887,908288,0.11874999850988388,6.578125,-0.024393955245614052,-0.04057755693793297,0.034872762858867645,0.12527790665626526,0.322959303855896,0.2578125,0.0,0.05078125,0.0
888,909312,0.11220703274011612,5.75,-0.020147353410720825,-0.03179968148469925,0.02568845823407173,0.11919005960226059,0.3975822329521179,0.25,0.0009765625,0.0634765625,0.0
889,910336,0.11777343600988388,6.3125,-0.011143939569592476,-0.02436605468392372,0.028736423701047897,0.11460962891578674,0.23149433732032776,0.2587890625,0.0009765625,0.0576171875,0.0
890,911360,0.10791015625,6.109375,-0.014803278259932995,-0.025741375982761383,0.024327440187335014,0.1225622296333313,0.2592402696609497,0.2373046875,0.0,0.0537109375,0.0
891,912384,0.12001952528953552,6.03125,-0.003995000384747982,-0.01889311522245407,0.03200265392661095,0.11032120883464813,0.30412307381629944,0.2646484375,0.0,0.0615234375,0.0
892,913408,0.11835937201976776,5.515625,-0.012427940964698792,-0.022107336670160294,0.02150391973555088,0.10725641250610352,0.2506343424320221,0.26171875,0.0,0.0625,0.0
893,914432,0.12431640923023224,6.03125,0.00786400493234396,-0.00415940722450614,0.026025963947176933,0.09895704686641693,0.1902138739824295,0.2666015625,0.0,0.044921875,0.0
894,915456,0.11845702677965164,6.09375,-0.018902117386460304,-0.03477117046713829,0.033649370074272156,0.09556319564580917,0.24785852432250977,0.2587890625,0.0,0.0546875,0.0
895,916480,0.1337890625,6.3125,-0.0027478081174194813,-0.01533445343375206,0.027045838534832,0.09362739324569702,0.29175207018852234,0.29296875,0.001953125,0.0625,0.0
896,917504,0.12216796725988388,6.71875,-0.022162994369864464,-0.036862555891275406,0.03162803500890732,0.11144554615020752,0.4869462549686432,0.2666015625,0.0,0.0556640625,0.0
897,918528,0.109375,6.1875,-0.019909292459487915,-0.032653599977493286,0.02755289152264595,0.10321374237537384,0.6573130488395691,0.2421875,0.0,0.05859375,0.0
898,919552,0.12285155802965164,6.609375,0.0018518894212320447,-0.011692262254655361,0.029246851801872253,0.10792742669582367,0.2246144711971283,0.263671875,0.0,0.044921875,0.0
899,920576,0.12724608182907104,7.0,-0.001327813370153308,-0.01671730726957321,0.032685086131095886,0.09530491381883621,0.2819058299064636,0.275390625,0.0009765625,0.0517578125,0.0
900,921600,0.11533203721046448,6.5625,0.003878731979057193,-0.010947178117930889,0.03182171285152435,0.10849463194608688,0.43606656789779663,0.2548828125,0.0,0.060546875,0.0
901,922624,0.11562500149011612,6.171875,-0.028480108827352524,-0.04109954833984375,0.02734321728348732,0.10521698743104935,0.23990486562252045,0.25390625,0.001953125,0.0556640625,0.0
902,923648,0.12119140475988388,6.765625,-0.0046439035795629025,-0.020247574895620346,0.03312081843614578,0.09567378461360931,0.31053626537323,0.2607421875,0.0,0.0458984375,0.0
903,924672,0.119140625,6.546875,-0.020258381962776184,-0.036728385835886,0.0349770113825798,0.10185015946626663,0.2942486107349396,0.259765625,0.001953125,0.052734375,0.0
904,925696,0.11503905802965164,6.65625,-0.011876434087753296,-0.023332515731453896,0.024790937080979347,0.09393869340419769,0.4866330623626709,0.248046875,0.0,0.044921875,0.0
905,926720,0.11855468899011612,6.203125,0.003464819397777319,-0.00842849351465702,0.026008201763033867,0.11107879132032394,0.3440101146697998,0.259765625,0.0,0.056640625,0.0
906,927744,0.12041015923023224,7.3125,-0.020261669531464577,-0.03401951491832733,0.02977210283279419,0.11282053589820862,0.29360732436180115,0.2568359375,0.001953125,0.0390625,0.0
907,928768,0.11894531548023224,7.546875,-0.0026985486038029194,-0.018077068030834198,0.0330919474363327,0.11674542725086212,0.21475379168987274,0.259765625,0.001953125,0.0537109375,0.0
908,929792,0.11982421576976776,6.734375,-0.009719260036945343,-0.025976235046982765,0.03479064255952835,0.11383461952209473,0.5083768367767334,0.26171875,0.0029296875,0.0537109375,0.0
909,930816,0.11416015774011612,6.171875,-0.01254486758261919,-0.02615240216255188,0.029440216720104218,0.11125737428665161,0.27544689178466797,0.25,0.0009765625,0.0537109375,0.0
910,931840,0.11728515475988388,6.484375,-0.010625999420881271,-0.029320597648620605,0.039533212780952454,0.10720078647136688,0.3799212574958801,0.25390625,0.0068359375,0.044921875,0.0
911,932864,0.11269530653953552,6.1875,-0.03621434047818184,-0.049887992441654205,0.029598772525787354,0.11257326602935791,0.402809739112854,0.2529296875,0.0009765625,0.068359375,0.0
912,933888,0.11513672024011612,6.765625,0.011015183292329311,-7.90976919233799e-05,0.02436712197959423,0.10892799496650696,0.38016045093536377,0.2490234375,0.0,0.046875,0.0
913,934912,0.11142577975988388,5.875,-0.005444370210170746,-0.020556055009365082,0.03226785361766815,0.1022242084145546,0.2001381814479828,0.2470703125,0.0,0.060546875,0.0
914,935936,0.11337891221046448,5.578125,-0.0035365289077162743,-0.012729181908071041,0.020469563081860542,0.10421286523342133,0.2502569854259491,0.2509765625,0.0,0.060546875,0.0
915,936960,0.11650390923023224,5.796875,0.012915469706058502,-1.8533319234848022e-05,0.027959700673818588,0.1045847237110138,0.3473600149154663,0.2529296875,0.0,0.0498046875,0.0
916,937984,0.12148437649011612,7.046875,0.005998905748128891,-0.008257463574409485,0.030592922121286392,0.10400918126106262,0.3782675862312317,0.259765625,0.0,0.0419921875,0.0
917,939008,0.11123046278953552,7.484375,0.008043701760470867,-0.004000836983323097,0.026300158351659775,0.1105540543794632,0.335286021232605,0.2431640625,0.0,0.0517578125,0.0
918,940032,0.11328125,6.328125,-0.026949986815452576,-0.040188997983932495,0.028610896319150925,0.10664379596710205,0.22268667817115784,0.25,0.0,0.05859375,0.0
919,941056,0.11630859225988388,6.703125,0.004215761087834835,-0.007426779717206955,0.02525409497320652,0.0984506607055664,0.26929765939712524,0.2509765625,0.0,0.0458984375,0.0
920,942080,0.12363280355930328,6.15625,-0.009224815294146538,-0.024170275777578354,0.03193067014217377,0.10198743641376495,0.19203811883926392,0.275390625,0.0,0.0703125,0.0
921,943104,0.11767578125,6.171875,-0.0010892337886616588,-0.010998768731951714,0.021850664168596268,0.1015797108411789,0.19603228569030762,0.2626953125,0.0,0.068359375,0.0
922,944128,0.1142578125,6.28125,-0.01482866145670414,-0.028159014880657196,0.02886204607784748,0.11006700992584229,0.33166223764419556,0.2529296875,0.0029296875,0.0595703125,0.0
923,945152,0.11943359673023224,6.328125,0.0006009004428051412,-0.011223403736948967,0.025554217398166656,0.09528045356273651,0.22630776464939117,0.2587890625,0.0,0.0498046875,0.0
924,946176,0.11689452826976776,6.328125,-0.010814831592142582,-0.024525217711925507,0.029252175241708755,0.09157013893127441,0.2670547366142273,0.2587890625,0.0,0.0625,0.0
925,947200,0.11650390923023224,5.984375,0.029848145321011543,0.018842216581106186,0.023918837308883667,0.09534899890422821,0.17256952822208405,0.2568359375,0.0,0.0595703125,0.0
926,948224,0.11406249552965164,5.90625,-0.007521971594542265,-0.017517494037747383,0.02203613892197609,0.1022547036409378,0.23068445920944214,0.251953125,0.0,0.0595703125,0.0
927,949248,0.12353515625,6.28125,-0.006433180533349514,-0.018108438700437546,0.02532155252993107,0.09855179488658905,0.3186333179473877,0.2685546875,0.0,0.0537109375,0.0
928,950272,0.11728516221046448,6.25,-0.021832598373293877,-0.03322658687829971,0.02478627674281597,0.09991514682769775,0.26655101776123047,0.255859375,0.0009765625,0.052734375,0.0
929,951296,0.12246093899011612,5.34375,0.010520164854824543,-0.0037981723435223103,0.030698508024215698,0.10309170186519623,0.2648116648197174,0.2685546875,0.0009765625,0.05859375,0.0
930,952320,0.1201171875,6.578125,-0.006757619325071573,-0.019784973934292793,0.027927253395318985,0.0936272144317627,0.288514643907547,0.2578125,0.0,0.0439453125,0.0
931,953344,0.12294922024011612,6.015625,-0.024247437715530396,-0.03301828354597092,0.01948181912302971,0.09700636565685272,0.22167398035526276,0.2724609375,0.0,0.06640625,0.0
932,954368,0.11503906548023224,6.09375,-0.0009338168893009424,-0.010182826779782772,0.020507464185357094,0.10047222673892975,0.2683957517147064,0.2509765625,0.0009765625,0.0517578125,0.0
933,955392,0.11767578125,6.265625,-0.018282879143953323,-0.03135359659790993,0.028226083144545555,0.1042325347661972,0.2790743112564087,0.2568359375,0.0,0.0537109375,0.0
934,956416,0.11640624701976776,6.03125,-0.023816408589482307,-0.03711879998445511,0.028752095997333527,0.10736562311649323,0.2981168329715729,0.2568359375,0.0029296875,0.05859375,0.0
935,957440,0.11552733927965164,6.53125,0.007710461039096117,-0.005473818629980087,0.028165671974420547,0.0898556262254715,0.293049693107605,0.2490234375,0.0,0.044921875,0.0
936,958464,0.11269530653953552,6.796875,0.0020310916006565094,-0.010338913649320602,0.026804029941558838,0.10320095717906952,0.36133167147636414,0.25,0.0,0.0615234375,0.0
937,959488,0.1103515625,6.421875,0.007689898833632469,-0.005053830333054066,0.027400286868214607,0.09564141184091568,0.21427251398563385,0.248046875,0.0,0.068359375,0.0
938,960512,0.11748046427965164,6.53125,-0.021261779591441154,-0.032525718212127686,0.024489428848028183,0.09807755798101425,0.19252453744411469,0.255859375,0.0009765625,0.0517578125,0.0
939,961536,0.11660155653953552,6.578125,-0.0042976937256753445,-0.016043970361351967,0.025616012513637543,0.10617295652627945,0.18986758589744568,0.25390625,0.0,0.0517578125,0.0
940,962560,0.11074218153953552,6.859375,-0.011282667517662048,-0.022559259086847305,0.02452963776886463,0.0988227128982544,0.2618468999862671,0.240234375,0.0,0.046875,0.0
941,963584,0.12216796725988388,6.484375,-0.006866916082799435,-0.020645948126912117,0.02954777702689171,0.09948566555976868,0.2636095881462097,0.2685546875,0.0,0.060546875,0.0
942,964608,0.11669921875,7.28125,0.005069676320999861,-0.007434048689901829,0.02698991261422634,0.09912314265966415,0.22613011300563812,0.2529296875,0.0,0.048828125,0.0
943,965632,0.12294921278953552,5.84375,-0.00613041315227747,-0.0192964319139719,0.028135422617197037,0.09016924351453781,0.30827397108078003,0.2763671875,0.0,0.076171875,0.0
944,966656,0.12294922024011612,6.171875,-0.006765937898308039,-0.019627748057246208,0.027674518525600433,0.09754490852355957,0.16707585752010345,0.2666015625,0.0,0.0517578125,0.0
945,967680,0.11806640028953552,6.4375,-0.018434401601552963,-0.032709069550037384,0.03051719442009926,0.09839286655187607,0.1949026882648468,0.2607421875,0.0,0.0615234375,0.0
946,968704,0.11669921875,6.9375,-0.018893886357545853,-0.03186578303575516,0.0280859787017107,0.10710914433002472,0.48683828115463257,0.2548828125,0.0,0.0537109375,0.0
947,969728,0.11591796576976776,6.703125,-0.00676109129562974,-0.020893262699246407,0.030325381085276604,0.10305193066596985,0.3734748661518097,0.2548828125,0.0,0.0576171875,0.0
948,970752,0.11943359673023224,6.53125,0.010428514331579208,-0.0031693936325609684,0.029206231236457825,0.10052086412906647,0.18571388721466064,0.2626953125,0.0,0.0595703125,0.0
949,971776,0.10957030951976776,6.265625,0.016429802402853966,0.00459153950214386,0.0256446935236454,0.09840840101242065,0.37308862805366516,0.244140625,0.0,0.0625,0.0
950,972800,0.12373046576976776,6.234375,0.015793822705745697,-0.0011668766383081675,0.035752519965171814,0.09155614674091339,0.6019998788833618,0.2705078125,0.0,0.0576171875,0.0
951,973824,0.11796875298023224,6.828125,0.0031547409016638994,-0.008969438262283802,0.026269812136888504,0.10107269138097763,0.3512782156467438,0.2578125,0.0,0.0546875,0.0
952,974848,0.11601562798023224,6.203125,-0.006373357027769089,-0.017370713874697685,0.023905456066131592,0.09553711116313934,0.2595551311969757,0.255859375,0.0,0.0595703125,0.0
953,975872,0.11591796576976776,5.46875,-0.0007617964874953032,-0.013679493218660355,0.027912016957998276,0.10383117944002151,0.3423754870891571,0.2548828125,0.0,0.0576171875,0.0
954,976896,0.11044921725988388,5.921875,-0.006985820364207029,-0.01864536851644516,0.02546841651201248,0.10746601969003677,0.5585662722587585,0.2451171875,0.0,0.060546875,0.0
955,977920,0.11220702528953552,6.328125,0.009281660430133343,-0.001651204191148281,0.024013128131628036,0.10736991465091705,0.43642619252204895,0.2451171875,0.0,0.0517578125,0.0
956,978944,0.11083984375,6.5,-0.012146219611167908,-0.025547847151756287,0.028921283781528473,0.10590144991874695,0.38072139024734497,0.2412109375,0.0,0.048828125,0.0
957,979968,0.12216795980930328,6.3125,0.009741699323058128,-0.005835409741848707,0.03321676701307297,0.10312744975090027,0.5287721157073975,0.2685546875,0.0,0.060546875,0.0
958,980992,0.11259765177965164,5.40625,0.0014319405891001225,-0.012441357597708702,0.03003140352666378,0.11424035578966141,0.38721564412117004,0.2529296875,0.0,0.0693359375,0.0
959,982016,0.12080077826976776,5.828125,-0.011297417804598808,-0.02529291808605194,0.030035043135285378,0.1022021621465683,0.24044689536094666,0.2646484375,0.0,0.0576171875,0.0
960,983040,0.11464843899011612,5.921875,-0.008033265359699726,-0.026965729892253876,0.04016851633787155,0.11517933011054993,0.41688528656959534,0.2490234375,0.0009765625,0.048828125,0.0
961,984064,0.11708984524011612,6.15625,-0.0187695249915123,-0.031341999769210815,0.027231305837631226,0.1043178141117096,0.5583295822143555,0.2578125,0.0009765625,0.05859375,0.0
962,985088,0.11376953125,6.3125,0.004468083381652832,-0.009006466716527939,0.02906639687716961,0.10586485266685486,0.49037277698516846,0.2490234375,0.0,0.0537109375,0.0
963,986112,0.11894531548023224,6.296875,-0.008314387872815132,-0.02163190022110939,0.02890363708138466,0.11343064904212952,0.21638119220733643,0.259765625,0.0,0.0546875,0.0
964,987136,0.11992187798023224,6.15625,0.016419827938079834,0.00138823501765728,0.03214526176452637,0.10410371422767639,0.5866193771362305,0.263671875,0.0,0.0595703125,0.0
965,988160,0.11923828721046448,6.453125,0.0025294176302850246,-0.012565560638904572,0.032123103737831116,0.09665736556053162,0.4220350980758667,0.2587890625,0.0,0.05078125,0.0
966,989184,0.10869140923023224,6.109375,0.01956428401172161,0.00898579228669405,0.023273885250091553,0.10584492981433868,0.32446184754371643,0.2412109375,0.0,0.0595703125,0.0
967,990208,0.11806640028953552,6.140625,-0.01823124662041664,-0.03317250311374664,0.032103054225444794,0.11102700978517532,0.323231041431427,0.259765625,0.0009765625,0.05859375,0.0
968,991232,0.12119140475988388,6.140625,0.009414455853402615,-0.0026906272396445274,0.02617448940873146,0.09821618348360062,0.25588729977607727,0.2666015625,0.0,0.060546875,0.0
969,992256,0.11054687201976776,5.609375,-0.017990827560424805,-0.030124641954898834,0.02646530047059059,0.10988355427980423,0.6070343852043152,0.24609375,0.001953125,0.0615234375,0.0
970,993280,0.11494140326976776,5.921875,-0.009364054538309574,-0.02265225164592266,0.0285123772919178,0.09679915755987167,0.2964450418949127,0.2529296875,0.0,0.0576171875,0.0
971,994304,0.12060546875,6.171875,0.004374300129711628,-0.01005643606185913,0.03067895583808422,0.09087418764829636,0.27461355924606323,0.2626953125,0.0,0.0537109375,0.0
972,995328,0.12167968600988388,6.28125,-0.006954209879040718,-0.02117130160331726,0.0303091611713171,0.09374888241291046,0.4669002890586853,0.265625,0.0,0.0556640625,0.0
973,996352,0.11865234375,6.296875,0.014527017250657082,-0.0015812432393431664,0.03410917520523071,0.09463269263505936,0.4612695574760437,0.2607421875,0.0,0.05859375,0.0
974,997376,0.1279296875,6.25,-0.006693850737065077,-0.022158507257699966,0.032518960535526276,0.07948238402605057,0.2745758891105652,0.279296875,0.0,0.05859375,0.0
975,998400,0.11376953125,5.828125,-0.0027623469941318035,-0.016808830201625824,0.02988717332482338,0.08971034735441208,0.6549391746520996,0.2509765625,0.0,0.05859375,0.0
976,999424,0.11757811903953552,6.375,-0.007922714576125145,-0.020160820335149765,0.02646530233323574,0.09945454448461533,0.4322161078453064,0.255859375,0.0,0.0517578125,0.0
977,1000448,0.10888671875,5.734375,-0.020095763728022575,-0.03266633301973343,0.02718951180577278,0.1024186834692955,0.5286333560943604,0.2412109375,0.0,0.05859375,0.0
978,1001472,0.11787109076976776,5.625,-0.007634478621184826,-0.021274259313941002,0.02915605902671814,0.09382486343383789,0.24108412861824036,0.2587890625,0.0,0.0576171875,0.0
979,1002496,0.12177734076976776,6.65625,0.0021774095948785543,-0.010131169110536575,0.026549067348241806,0.09659549593925476,0.3213106393814087,0.2626953125,0.0,0.0478515625,0.0
980,1003520,0.11591796576976776,5.921875,0.0014910619938746095,-0.012503284029662609,0.03011009469628334,0.1060701385140419,0.4405314326286316,0.2568359375,0.0,0.0625,0.0
981,1004544,0.10722656548023224,5.625,-0.00141761580016464,-0.013030948117375374,0.025303330272436142,0.10383328795433044,0.39773955941200256,0.23828125,0.0,0.0595703125,0.0
982,1005568,0.12373047322034836,6.0,0.017060773447155952,-0.000521377136465162,0.03699205070734024,0.09138746559619904,0.5368636250495911,0.271484375,0.0009765625,0.0595703125,0.0
983,1006592,0.12001952528953552,5.921875,-0.027211226522922516,-0.03935840725898743,0.025959152728319168,0.08323951065540314,0.3394593298435211,0.2646484375,0.0,0.0615234375,0.0
984,1007616,0.11484374850988388,5.765625,-0.009532277472317219,-0.023552073165774345,0.030073709785938263,0.1017058938741684,0.7381466627120972,0.251953125,0.0,0.0556640625,0.0
985,1008640,0.11904296278953552,6.03125,-0.0064439899288117886,-0.023031167685985565,0.03508736938238144,0.09565069526433945,0.5744810104370117,0.2607421875,0.0,0.056640625,0.0
986,1009664,0.11015625298023224,6.265625,-0.006876865401864052,-0.02347469888627529,0.035087116062641144,0.09457246959209442,0.597840428352356,0.244140625,0.0,0.0595703125,0.0
987,1010688,0.11630859225988388,6.4375,0.008742657490074635,-0.004540613852441311,0.028460826724767685,0.0947142243385315,0.21913613379001617,0.2529296875,0.0,0.05078125,0.0
988,1011712,0.10869140177965164,5.828125,0.00563869159668684,-0.010963940992951393,0.035161882638931274,0.09783084690570831,0.6183265447616577,0.244140625,0.0009765625,0.06640625,0.0
989,1012736,0.11894531548023224,6.09375,0.012983724474906921,-0.005157178733497858,0.03816010430455208,0.09391489624977112,0.7724732160568237,0.259765625,0.0,0.0546875,0.0
990,1013760,0.1240234375,6.421875,0.026441866531968117,0.00687915924936533,0.04095868021249771,0.09166322648525238,0.8865614533424377,0.2705078125,0.0009765625,0.0556640625,0.0
991,1014784,0.11191406846046448,5.65625,0.0034339148551225662,-0.008977700024843216,0.026771072298288345,0.09739213436841965,0.23307760059833527,0.251953125,0.0,0.0703125,0.0
992,1015808,0.12324218451976776,5.671875,0.012151611037552357,-0.0005462132394313812,0.027098316699266434,0.0851333811879158,0.2299157828092575,0.26953125,0.0,0.0576171875,0.0
993,1016832,0.12187500298023224,5.78125,-0.02080444246530533,-0.03538478910923004,0.031002093106508255,0.0920700803399086,0.48975902795791626,0.2705078125,0.0009765625,0.06640625,0.0
994,1017856,0.11474609375,6.1875,0.0019350484944880009,-0.016044922173023224,0.03787941485643387,0.0959736704826355,0.9320115447044373,0.2529296875,0.0,0.05859375,0.0
995,1018880,0.11874999850988388,5.640625,-0.015785718336701393,-0.030950281769037247,0.032350849360227585,0.10108619928359985,0.506001353263855,0.263671875,0.0,0.0654296875,0.0
996,1019904,0.11503906548023224,5.296875,-0.0128282830119133,-0.025666184723377228,0.027440637350082397,0.08824166655540466,0.4880267381668091,0.25390625,0.0,0.0595703125,0.0
997,1020928,0.119140625,5.671875,0.004155091010034084,-0.010596648789942265,0.03133922815322876,0.0917874276638031,0.43786171078681946,0.2626953125,0.0009765625,0.060546875,0.0
998,1021952,0.1171875,5.46875,0.003892540466040373,-0.01008719950914383,0.029795857146382332,0.09181885421276093,0.6735899448394775,0.2578125,0.0,0.05859375,0.0
999,1022976,0.115234375,6.328125,-0.0018132206751033664,-0.015543781220912933,0.02942461147904396,0.09817451983690262,0.5502266883850098,0.248046875,0.0,0.0439453125,0.0
1000,1024000,0.12041015177965164,6.765625,0.006015606224536896,-0.0066904108971357346,0.02709643915295601,0.08422023802995682,0.33818385004997253,0.259765625,0.0009765625,0.046875,0.0
