update,transitions,mean_reward,mean_length,loss,policy_loss,value_loss,entropy,gradient_norm,fruit_rate,wall_rate,self_bite_rate,win_rate
1,1024,-0.01279296912252903,1.078125,0.010717428289353848,-1.819618046283722e-05,0.04919710010290146,1.386292576789856,0.5955073237419128,0.0126953125,0.17578125,0.0078125,0.0
2,2048,-0.01132812537252903,1.109375,0.0007956447079777718,-9.931623935699463e-06,0.029336586594581604,1.3862717151641846,0.36626070737838745,0.0185546875,0.1748046875,0.015625,0.0
3,3072,-0.01142578199505806,1.109375,-0.005270339548587799,-0.0006434917449951172,0.018471524119377136,1.386260986328125,0.16076168417930603,0.021484375,0.1806640625,0.0205078125,0.0
4,4096,-0.01826171949505806,1.046875,-0.005294150672852993,0.0003288388252258301,0.016478214412927628,1.3862097263336182,0.1631079614162445,0.0126953125,0.216796875,0.0146484375,0.0
5,5120,-0.01669921912252903,1.09375,-0.004104180261492729,5.4892152547836304e-05,0.0194053053855896,1.3861725330352783,0.23184536397457123,0.0126953125,0.2109375,0.009765625,0.0
6,6144,-0.012402343563735485,1.078125,-0.0028571542352437973,0.0001841709017753601,0.021640198305249214,1.3861424922943115,0.21515631675720215,0.01953125,0.1865234375,0.017578125,0.0
7,7168,-0.01591796986758709,1.046875,-0.0019332729279994965,-0.0006682239472866058,0.025192327797412872,1.3861212730407715,0.2738474905490875,0.0166015625,0.20703125,0.017578125,0.0
8,8192,-0.0107421875,1.078125,-0.005648395977914333,-0.0006361715495586395,0.017697390168905258,1.386091947555542,0.1793205738067627,0.0205078125,0.1787109375,0.015625,0.0
9,9216,-0.01298828236758709,1.09375,-0.005111142992973328,-0.0011747442185878754,0.019848167896270752,1.3860483169555664,0.21725648641586304,0.021484375,0.1982421875,0.01953125,0.0
10,10240,-0.01406250149011612,1.09375,-0.007151156663894653,-0.0003081783652305603,0.014033712446689606,1.3859834671020508,0.12458685785531998,0.0234375,0.216796875,0.0205078125,0.0
11,11264,-0.013671875,1.078125,-0.00835607573390007,-0.0010897442698478699,0.01318571250885725,1.3859187364578247,0.06692826002836227,0.01953125,0.19921875,0.017578125,0.0
12,12288,-0.01406249962747097,1.125,-0.005883657373487949,0.0008439049124717712,0.014261719770729542,1.385842204093933,0.06995553523302078,0.015625,0.193359375,0.0126953125,0.0
13,13312,-0.01738281175494194,1.078125,-0.003452552482485771,0.0014731064438819885,0.01786445826292038,1.3857887983322144,0.11896708607673645,0.017578125,0.224609375,0.0185546875,0.0
14,14336,-0.01396484486758709,1.0625,-0.0074048954993486404,-0.0002705063670873642,0.013446679338812828,1.385772943496704,0.0964292660355568,0.015625,0.1865234375,0.015625,0.0
15,15360,-0.01171875,1.09375,-0.008385293185710907,-0.0013364441692829132,0.013617541640996933,1.3857619762420654,0.13117708265781403,0.0185546875,0.1767578125,0.0166015625,0.0
16,16384,-0.01484374888241291,1.09375,-0.008740296587347984,-0.001393541693687439,0.013021492399275303,1.3857500553131104,0.152845099568367,0.0185546875,0.2060546875,0.017578125,0.0
17,17408,-0.01738281175494194,1.078125,-0.005765588954091072,-0.00028390437364578247,0.016751080751419067,1.3857225179672241,0.11290017515420914,0.0185546875,0.2333984375,0.0166015625,0.0
18,18432,-0.012011718936264515,1.109375,-0.006365053355693817,-0.0009051673114299774,0.016794420778751373,1.3857096433639526,0.12631629407405853,0.0205078125,0.1875,0.017578125,0.0
19,19456,-0.01699218899011612,1.046875,-0.006820399314165115,-9.687244892120361e-05,0.014266449958086014,1.3856751918792725,0.08749712258577347,0.013671875,0.208984375,0.0146484375,0.0
20,20480,-0.014355470426380634,1.015625,-0.005472535267472267,0.002508595585823059,0.011751454323530197,1.3856858015060425,0.1341191530227661,0.01171875,0.1767578125,0.0126953125,0.0
21,21504,-0.01621093973517418,1.03125,-0.00638155359774828,0.002039670944213867,0.010871998965740204,1.3857223987579346,0.12422937899827957,0.0126953125,0.2041015625,0.0107421875,0.0
22,22528,-0.01542968861758709,1.015625,-0.007468512747436762,0.0006148368120193481,0.011548967100679874,1.385783314704895,0.09803608059883118,0.0185546875,0.2080078125,0.01953125,0.0
23,23552,-0.01542968861758709,1.015625,-0.0117948018014431,-0.002424469217658043,0.008976605720818043,1.3858635425567627,0.06345918029546738,0.0126953125,0.1923828125,0.0126953125,0.0
24,24576,-0.012402343563735485,1.078125,-0.010807705111801624,-0.0010994374752044678,0.00830145925283432,1.3858997821807861,0.0524742417037487,0.0146484375,0.17578125,0.0107421875,0.0
25,25600,-0.01699218712747097,1.03125,-0.009631763212382793,-0.00047629978507757187,0.009407566860318184,1.3859246969223022,0.0983906090259552,0.0126953125,0.2060546875,0.013671875,0.0
26,26624,-0.015527344308793545,1.0625,-0.005913129076361656,0.0009334459900856018,0.014026118442416191,1.3859634399414062,0.1142568290233612,0.017578125,0.2119140625,0.015625,0.0
27,27648,-0.014941406436264515,1.03125,-0.00947276409715414,-0.00216798298060894,0.013110777363181114,1.3860169649124146,0.08621200174093246,0.0166015625,0.197265625,0.017578125,0.0
28,28672,-0.01123046875,1.109375,-0.009423726238310337,-0.00235767662525177,0.013588976114988327,1.3860538005828857,0.08465132117271423,0.0224609375,0.189453125,0.017578125,0.0
29,29696,-0.01259765587747097,1.03125,-0.010417750105261803,-0.0020017586648464203,0.010889310389757156,1.3860646486282349,0.06736552715301514,0.0166015625,0.16796875,0.0205078125,0.0
30,30720,-0.01835937425494194,1.015625,-0.011476937681436539,-0.0029283203184604645,0.010624095797538757,1.3860665559768677,0.09625250101089478,0.013671875,0.224609375,0.013671875,0.0
31,31744,-0.01259765587747097,1.0625,-0.009345266968011856,-0.0013045519590377808,0.011639527976512909,1.3860479593276978,0.06780361384153366,0.0166015625,0.18359375,0.0126953125,0.0
32,32768,-0.015429687686264515,1.078125,-0.009577210992574692,-0.0017321351915597916,0.012030619196593761,1.3860386610031128,0.0478363111615181,0.0126953125,0.1943359375,0.01171875,0.0
33,33792,-0.01484375074505806,1.0625,-0.01135338842868805,-0.0028616245836019516,0.010737215168774128,1.3860371112823486,0.06732489913702011,0.017578125,0.201171875,0.017578125,0.0
34,34816,-0.013476562686264515,1.03125,-0.010430698283016682,-0.0020372718572616577,0.010933667421340942,1.3860260248184204,0.09938815981149673,0.0185546875,0.1904296875,0.0185546875,0.0
35,35840,-0.01601562649011612,1.09375,-0.008243471384048462,-0.002016402781009674,0.01526615209877491,1.386014461517334,0.06957631558179855,0.0185546875,0.2236328125,0.0146484375,0.0
36,36864,-0.01601562649011612,1.03125,-0.010493328794836998,-0.0027107447385787964,0.012155021540820599,1.3860094547271729,0.049664970487356186,0.0146484375,0.2041015625,0.0146484375,0.0
37,37888,-0.01162109524011612,1.078125,-0.010711820796132088,-0.003024257719516754,0.01234483439475298,1.385998010635376,0.12705585360527039,0.0185546875,0.1796875,0.0146484375,0.0
38,38912,-0.01513671875,1.0625,-0.010898326523602009,-0.004120863974094391,0.0141645148396492,1.385972023010254,0.08804471790790558,0.017578125,0.2060546875,0.0166015625,0.0
39,39936,-0.0166015625,1.015625,-0.013321509584784508,-0.003906292840838432,0.00888839177787304,1.3859412670135498,0.05191975086927414,0.0107421875,0.1962890625,0.01171875,0.0
40,40960,-0.01523437537252903,1.03125,-0.014006953686475754,-0.004987344145774841,0.009678779169917107,1.3858999013900757,0.07118578255176544,0.0146484375,0.2001953125,0.0126953125,0.0
41,41984,-0.01572265662252903,1.03125,-0.012553952634334564,-0.0033346330747008324,0.009278290905058384,1.3858466148376465,0.11090414226055145,0.0126953125,0.1953125,0.0126953125,0.0
42,43008,-0.01708984375,1.0625,-0.015982432290911674,-0.0057821497321128845,0.007315150462090969,1.3857858180999756,0.0732467994093895,0.013671875,0.2158203125,0.01171875,0.0
43,44032,-0.012109375558793545,1.078125,-0.012369007803499699,-0.004246741533279419,0.011469472199678421,1.3857002258300781,0.06365793198347092,0.01953125,0.18359375,0.017578125,0.0
44,45056,-0.010644531808793545,1.046875,-0.011819811537861824,-0.00454321876168251,0.013158513233065605,1.3855849504470825,0.06212202087044716,0.0185546875,0.169921875,0.0146484375,0.0
45,46080,-0.011621094308793545,1.046875,-0.013101684860885143,-0.0047922804951667786,0.011090999469161034,1.3854904174804688,0.047349173575639725,0.0205078125,0.181640625,0.0185546875,0.0
46,47104,-0.012988281436264515,1.078125,-0.007312001660466194,-0.0017314013093709946,0.016547664999961853,1.3854433298110962,0.13112355768680573,0.0205078125,0.19921875,0.0166015625,0.0
47,48128,-0.01503906399011612,1.125,-0.01257964875549078,-0.004929818212985992,0.012407863512635231,1.385376214981079,0.10563129186630249,0.015625,0.208984375,0.009765625,0.0
48,49152,-0.01494140550494194,1.0625,-0.01125798188149929,-0.004605581983923912,0.014402966015040874,1.3853883743286133,0.11624426394701004,0.0244140625,0.21875,0.0263671875,0.0
49,50176,-0.01552734337747097,1.046875,-0.011958753690123558,-0.005000311881303787,0.01379095483571291,1.3853919506072998,0.06671605259180069,0.0146484375,0.201171875,0.013671875,0.0
50,51200,-0.013671875931322575,1.0625,-0.015449912287294865,-0.0070587508380413055,0.01092587225139141,1.3854098320007324,0.06563175469636917,0.0146484375,0.1845703125,0.0126953125,0.0
51,52224,-0.013964843936264515,1.09375,-0.014890938997268677,-0.007547540590167046,0.013020659796893597,1.3853728771209717,0.10915027558803558,0.0126953125,0.181640625,0.0107421875,0.0
52,53248,-0.01328125037252903,1.046875,-0.01609606295824051,-0.008679669350385666,0.01287136971950531,1.3852077722549438,0.10472600162029266,0.01953125,0.193359375,0.0185546875,0.0
53,54272,-0.01416015625,1.0625,-0.015092387795448303,-0.008031472563743591,0.013578860089182854,1.3850345611572266,0.12876516580581665,0.0185546875,0.203125,0.015625,0.0
54,55296,-0.00937500037252903,1.078125,-0.014380855485796928,-0.006369844079017639,0.011672670021653175,1.3847346305847168,0.11392371356487274,0.0205078125,0.1611328125,0.017578125,0.0
55,56320,-0.01191406324505806,1.078125,-0.014291195198893547,-0.0069466233253479,0.013001651503145695,1.3845398426055908,0.09387869387865067,0.0224609375,0.1904296875,0.0205078125,0.0
56,57344,-0.01621093787252903,1.015625,-0.01587877981364727,-0.00679749995470047,0.0095205157995224,1.3841538429260254,0.08897295594215393,0.0146484375,0.1982421875,0.0185546875,0.0
57,58368,-0.00986328162252903,1.046875,-0.017171090468764305,-0.008581480011343956,0.01049906574189663,1.3839143514633179,0.09850503504276276,0.021484375,0.1669921875,0.01953125,0.0
58,59392,-0.013867187313735485,1.015625,-0.013535268604755402,-0.007169395685195923,0.014942090958356857,1.3836919069290161,0.13437677919864655,0.017578125,0.1953125,0.015625,0.0
59,60416,-0.01777343824505806,1.046875,-0.017952285706996918,-0.008523923344910145,0.008817817084491253,1.3837271928787231,0.14972661435604095,0.0078125,0.205078125,0.005859375,0.0
60,61440,-0.01123046875,1.03125,-0.017709050327539444,-0.009312279522418976,0.010881910100579262,1.383772611618042,0.15488439798355103,0.013671875,0.1533203125,0.013671875,0.0
61,62464,-0.01523437537252903,1.046875,-0.02119426056742668,-0.01272796094417572,0.01074476819485426,1.3838684558868408,0.1883687674999237,0.0126953125,0.1943359375,0.0107421875,0.0
62,63488,-0.014355468563735485,1.078125,-0.017216188833117485,-0.009479150176048279,0.01219932921230793,1.3836703300476074,0.1622287482023239,0.0185546875,0.205078125,0.015625,0.0
63,64512,-0.01113281212747097,1.0625,-0.02180701494216919,-0.014075549319386482,0.01220814697444439,1.3835539817810059,0.11231016367673874,0.021484375,0.17578125,0.021484375,0.0
64,65536,-0.008203125558793545,1.109375,-0.023015737533569336,-0.014765255153179169,0.0111685860902071,1.3834776878356934,0.1090320497751236,0.021484375,0.154296875,0.017578125,0.0
65,66560,-0.010156250558793545,1.15625,-0.023134957998991013,-0.015985973179340363,0.013362875208258629,1.383042335510254,0.1599607765674591,0.0224609375,0.1787109375,0.017578125,0.0
66,67584,-0.011523437686264515,1.125,-0.024345362558960915,-0.015958145260810852,0.01087452843785286,1.3824481964111328,0.08134536445140839,0.021484375,0.177734375,0.0224609375,0.0
67,68608,-0.010644531808793545,1.078125,-0.019987167790532112,-0.011013031005859375,0.009688382968306541,1.3818328380584717,0.09770077466964722,0.01953125,0.1630859375,0.0205078125,0.0
68,69632,-0.012500000186264515,1.03125,-0.021412808448076248,-0.012085888534784317,0.008967073634266853,1.3810455799102783,0.1773083508014679,0.0166015625,0.1708984375,0.0185546875,0.0
69,70656,-0.011914062313735485,1.015625,-0.022792119532823563,-0.013238761574029922,0.008508695289492607,1.3807706832885742,0.14056643843650818,0.0166015625,0.1689453125,0.0166015625,0.0
70,71680,-0.01230468787252903,1.03125,-0.019096415489912033,-0.010495307855308056,0.010413587093353271,1.3807902336120605,0.21491701900959015,0.0166015625,0.1767578125,0.0146484375,0.0
71,72704,-0.01171875,1.0625,-0.02065424807369709,-0.01277301087975502,0.01184956356883049,1.3806018829345703,0.19162659347057343,0.017578125,0.17578125,0.0146484375,0.0
72,73728,-0.009082031436264515,1.140625,-0.01835048571228981,-0.011790423654019833,0.014500824734568596,1.3810473680496216,0.26440516114234924,0.0224609375,0.171875,0.015625,0.0
73,74752,-0.01132812537252903,1.078125,-0.03177647665143013,-0.024819977581501007,0.013708792626857758,1.381089448928833,0.10708711296319962,0.021484375,0.1796875,0.0205078125,0.0
74,75776,-0.013867187313735485,1.0625,-0.04008802771568298,-0.030816465616226196,0.009069344028830528,1.3806235790252686,0.14264392852783203,0.013671875,0.177734375,0.0146484375,0.0
75,76800,-0.01171875,1.0625,-0.03085584193468094,-0.022849544882774353,0.01159397792071104,1.38032865524292,0.18212595582008362,0.0205078125,0.1787109375,0.0205078125,0.0
76,77824,-0.01230468787252903,1.03125,-0.03532324358820915,-0.025070741772651672,0.0070992885157465935,1.3802145719528198,0.18898677825927734,0.0126953125,0.1591796875,0.013671875,0.0
77,78848,-0.00996093824505806,1.0625,-0.028863264247775078,-0.020435020327568054,0.010729172267019749,1.3792829513549805,0.21632304787635803,0.0146484375,0.1474609375,0.0126953125,0.0
78,79872,-0.0078125,1.0625,-0.03011583909392357,-0.021621301770210266,0.01060394011437893,1.3796508312225342,0.15529942512512207,0.0166015625,0.1318359375,0.0146484375,0.0
79,80896,-0.009667969308793545,1.0625,-0.036800745874643326,-0.030578643083572388,0.01513630524277687,1.3790256977081299,0.15655027329921722,0.0224609375,0.16796875,0.0205078125,0.0
80,81920,-0.00966796837747097,1.0625,-0.04157969728112221,-0.03334611654281616,0.011104593053460121,1.3785877227783203,0.14098519086837769,0.021484375,0.1669921875,0.0185546875,0.0
81,82944,-0.00791015662252903,1.0625,-0.04242686182260513,-0.032803647220134735,0.008333440870046616,1.3789936304092407,0.1618259698152542,0.0185546875,0.134765625,0.0185546875,0.0
82,83968,-0.0087890625,1.046875,-0.043264105916023254,-0.035189513117074966,0.011408967897295952,1.3779078722000122,0.16762679815292358,0.0234375,0.15625,0.0244140625,0.0
83,84992,-0.01054687425494194,1.078125,-0.041779808700084686,-0.033329255878925323,0.010652611032128334,1.3776859045028687,0.19817572832107544,0.0185546875,0.1689453125,0.0146484375,0.0
84,86016,-0.01025390625,1.09375,-0.04812251776456833,-0.03869915008544922,0.008685784414410591,1.3766257762908936,0.21805067360401154,0.01171875,0.1396484375,0.0107421875,0.0
85,87040,-0.005859375,1.078125,-0.0441415011882782,-0.036127183586359024,0.011504271067678928,1.3766453266143799,0.1428597867488861,0.0224609375,0.1279296875,0.021484375,0.0
86,88064,-0.00898437574505806,1.046875,-0.05075950548052788,-0.040618762373924255,0.007227712776511908,1.3754600286483765,0.22599466145038605,0.01171875,0.123046875,0.0126953125,0.0
87,89088,-0.005468749441206455,1.09375,-0.04760831221938133,-0.040433675050735474,0.013108599931001663,1.3728936910629272,0.2215544432401657,0.0263671875,0.1396484375,0.0234375,0.0
88,90112,-0.012109375558793545,1.03125,-0.046675071120262146,-0.03709902986884117,0.008255751803517342,1.370391607284546,0.2859276831150055,0.01171875,0.150390625,0.0146484375,0.0
89,91136,-0.00537109375,1.109375,-0.041271649301052094,-0.033276401460170746,0.011432915925979614,1.3711707592010498,0.3010310232639313,0.0234375,0.1376953125,0.0166015625,0.0
90,92160,-0.00810546986758709,1.109375,-0.04350128024816513,-0.03600497543811798,0.012418162077665329,1.3705384731292725,0.3777759373188019,0.021484375,0.1494140625,0.01953125,0.0
91,93184,-0.00771484337747097,1.09375,-0.05423424020409584,-0.046427175402641296,0.01177168544381857,1.3692909479141235,0.2770441770553589,0.0205078125,0.140625,0.01953125,0.0
92,94208,-0.0022460937034338713,1.109375,-0.0586012601852417,-0.051108211278915405,0.012383563444018364,1.3684831857681274,0.13188812136650085,0.0234375,0.1005859375,0.01953125,0.0
93,95232,-0.00498046912252903,1.015625,-0.06266389787197113,-0.05366504192352295,0.009325998835265636,1.3661854267120361,0.17217914760112762,0.0205078125,0.111328125,0.0205078125,0.0
94,96256,-0.005664062686264515,1.03125,-0.047186229377985,-0.03900693356990814,0.01093829981982708,1.364844799041748,0.31332120299339294,0.017578125,0.115234375,0.0146484375,0.0
95,97280,-0.0032226562034338713,1.078125,-0.04813719540834427,-0.04166873171925545,0.014335071668028831,1.3636000156402588,0.21688257157802582,0.0244140625,0.115234375,0.01953125,0.0
96,98304,-0.0005859382217749953,1.125,-0.04151148349046707,-0.034211523830890656,0.012598637491464615,1.3599278926849365,0.3265957534313202,0.0263671875,0.1005859375,0.0185546875,0.0
97,99328,-0.006152343936264515,1.09375,-0.06705956906080246,-0.05918543040752411,0.011429309844970703,1.3588792085647583,0.26033490896224976,0.021484375,0.1318359375,0.0185546875,0.0
98,100352,-0.00537109375,1.03125,-0.05641287565231323,-0.04795381426811218,0.010260497219860554,1.3589311838150024,0.37403109669685364,0.0224609375,0.119140625,0.0234375,0.0
99,101376,-0.00498046912252903,1.046875,-0.057413358241319656,-0.04736458882689476,0.007084163837134838,1.3590850830078125,0.42395222187042236,0.015625,0.0986328125,0.0146484375,0.0
100,102400,-0.00634765625,1.0625,-0.0668799877166748,-0.05832937732338905,0.010042663663625717,1.357194423675537,0.48557591438293457,0.017578125,0.1201171875,0.015625,0.0
101,103424,-0.0007812500698491931,1.046875,-0.052788540720939636,-0.04329206794500351,0.008077791891992092,1.3535370826721191,0.39492473006248474,0.01953125,0.06640625,0.01953125,0.0
102,104448,-0.0019531252328306437,1.125,-0.0625956803560257,-0.05478622019290924,0.011424672789871693,1.3521796464920044,0.24821403622627258,0.0244140625,0.1044921875,0.0185546875,0.0
103,105472,-0.0034179689828306437,1.109375,-0.062105655670166016,-0.054679982364177704,0.012102523818612099,1.3476934432983398,0.3797745704650879,0.0283203125,0.119140625,0.0283203125,0.0
104,106496,-0.0040039061568677425,1.03125,-0.0671507939696312,-0.05873245373368263,0.010075743310153484,1.345621109008789,0.3621692955493927,0.0244140625,0.109375,0.0263671875,0.0
105,107520,-0.006640625186264515,1.046875,-0.05801325663924217,-0.04837130010128021,0.0075941369868814945,1.343902587890625,0.5920907855033875,0.0126953125,0.1064453125,0.01171875,0.0
106,108544,-0.0018554688431322575,1.125,-0.049554601311683655,-0.040577277541160583,0.008850396610796452,1.34025239944458,0.43905436992645264,0.017578125,0.0830078125,0.01171875,0.0
107,109568,-0.0040039061568677425,1.078125,-0.06246686354279518,-0.05444139242172241,0.010808954015374184,1.3429946899414062,0.4281076192855835,0.01953125,0.0986328125,0.01953125,0.0
108,110592,-0.003027343889698386,1.03125,-0.06811299175024033,-0.057594627141952515,0.005889058578759432,1.3462891578674316,0.4219234585762024,0.0126953125,0.068359375,0.0126953125,0.0
109,111616,0.006542968563735485,1.203125,-0.060775622725486755,-0.0545552633702755,0.01434691809117794,1.3393819332122803,0.42057469487190247,0.03125,0.0537109375,0.0185546875,0.0
110,112640,-0.0018554690759629011,1.109375,-0.08597137033939362,-0.07764428853988647,0.009961605072021484,1.3307881355285645,0.1552032083272934,0.0224609375,0.080078125,0.025390625,0.0
111,113664,0.0010742185404524207,1.109375,-0.06762534379959106,-0.06123858690261841,0.013906270265579224,1.3339896202087402,0.26064348220825195,0.0283203125,0.08203125,0.0244140625,0.0
112,114688,9.765586582943797e-05,1.109375,-0.06624649465084076,-0.058201298117637634,0.010564353317022324,1.3327373266220093,0.30545851588249207,0.0283203125,0.087890625,0.0263671875,0.0
113,115712,-0.005175781436264515,1.125,-0.050949856638908386,-0.04449930787086487,0.013793437741696835,1.3347268104553223,0.6272163391113281,0.021484375,0.1240234375,0.017578125,0.0
114,116736,-0.00595703162252903,1.09375,-0.05221448093652725,-0.04539891332387924,0.013014526106417179,1.3322832584381104,0.7378995418548584,0.0166015625,0.109375,0.0166015625,0.0
115,117760,-0.002246093936264515,1.0625,-0.04571286216378212,-0.037468235939741135,0.010115290060639381,1.3302271366119385,0.5885054469108582,0.021484375,0.0888671875,0.0205078125,0.0
116,118784,-0.0013671875931322575,1.109375,-0.058662399649620056,-0.0505695641040802,0.01042759045958519,1.3306632041931152,0.7824665307998657,0.0205078125,0.0849609375,0.015625,0.0
117,119808,0.00019531184807419777,1.09375,-0.06484340131282806,-0.057276058942079544,0.011320468969643116,1.3227578401565552,0.5648261308670044,0.0234375,0.068359375,0.0234375,0.0
118,120832,0.006054687779396772,1.171875,-0.05834921449422836,-0.05404728651046753,0.017801836133003235,1.3202847242355347,0.32811495661735535,0.0322265625,0.0517578125,0.0244140625,0.0
119,121856,0.0010742186568677425,1.0625,-0.07150310277938843,-0.06273531913757324,0.008735883980989456,1.3135722875595093,0.40128111839294434,0.0244140625,0.0546875,0.0283203125,0.0
120,122880,0.00966796837747097,1.140625,-0.04688740521669388,-0.041291724890470505,0.01499341893941164,1.309239149093628,0.2768697738647461,0.04296875,0.0478515625,0.03515625,0.0
121,123904,0.00624999962747097,1.234375,-0.07033362984657288,-0.06459173560142517,0.014738479629158974,1.3111131191253662,0.30905696749687195,0.03515625,0.05859375,0.02734375,0.0
122,124928,5.820766091346741e-11,1.09375,-0.06027916818857193,-0.05481463298201561,0.015200142748653889,1.306460976600647,0.4625813663005829,0.0302734375,0.0810546875,0.03515625,0.0
123,125952,9.765615686774254e-05,1.125,-0.0671459212899208,-0.06142173707485199,0.014770439825952053,1.3109407424926758,0.6751437187194824,0.02734375,0.0908203125,0.0224609375,0.0
124,126976,-0.0006835937965661287,1.0625,-0.04705417901277542,-0.04003316909074783,0.012321403250098228,1.3181712627410889,0.7533115148544312,0.0234375,0.0771484375,0.0234375,0.0
125,128000,0.0004882815992459655,1.078125,-0.06034195050597191,-0.05215032771229744,0.009927546605467796,1.3155397176742554,0.605165421962738,0.0224609375,0.0703125,0.0185546875,0.0
126,129024,-0.0018554688431322575,1.0625,-0.08457349240779877,-0.07473989576101303,0.00649631954729557,1.3081762790679932,0.7426814436912537,0.015625,0.0634765625,0.0166015625,0.0
127,130048,0.00742187537252903,1.109375,-0.04753708094358444,-0.043856266885995865,0.018513096496462822,1.2937365770339966,0.5655408501625061,0.033203125,0.0390625,0.0263671875,0.0
128,131072,0.004980468191206455,1.09375,-0.07182680070400238,-0.06548814475536346,0.013208460062742233,1.2942888736724854,0.2445734590291977,0.03125,0.0498046875,0.0283203125,0.0
129,132096,0.004687500186264515,1.125,-0.08664520829916,-0.07903674989938736,0.010744099505245686,1.2980505228042603,0.2425195276737213,0.0302734375,0.0478515625,0.0283203125,0.0
130,133120,0.0067382813431322575,1.15625,-0.06877890974283218,-0.06293851137161255,0.014217628166079521,1.2949213981628418,0.3009454607963562,0.033203125,0.0478515625,0.025390625,0.0
131,134144,0.004687500186264515,1.078125,-0.07556073367595673,-0.06823953241109848,0.011326424777507782,1.2984408140182495,0.28235554695129395,0.0302734375,0.0458984375,0.029296875,0.0
132,135168,0.00429687462747097,1.15625,-0.0551326647400856,-0.049128055572509766,0.0138905830681324,1.294989824295044,0.5254128575325012,0.02734375,0.052734375,0.0205078125,0.0
133,136192,0.004492186941206455,1.078125,-0.04968103766441345,-0.04228284955024719,0.011002127081155777,1.2899249792099,0.38836491107940674,0.0283203125,0.0380859375,0.029296875,0.0
134,137216,0.00439453125,1.078125,-0.06114249303936958,-0.05412645637989044,0.01181038934737444,1.2921234369277954,0.812177836894989,0.0283203125,0.052734375,0.0224609375,0.0
135,138240,0.00820312462747097,1.125,-0.07777606695890427,-0.0716390460729599,0.013620967045426369,1.294750452041626,0.3166320323944092,0.0380859375,0.0458984375,0.03125,0.0
136,139264,0.0035156249068677425,1.046875,-0.07332923263311386,-0.06683197617530823,0.012675772421061993,1.2835140228271484,0.3454091250896454,0.025390625,0.041015625,0.025390625,0.0
137,140288,0.012500000186264515,1.1875,-0.060162439942359924,-0.05526270717382431,0.015835508704185486,1.2817487716674805,0.3871595561504364,0.0439453125,0.0341796875,0.0302734375,0.0
138,141312,0.010937499813735485,1.234375,-0.07661165297031403,-0.07704539597034454,0.026338886469602585,1.2735698223114014,0.25752341747283936,0.0458984375,0.0439453125,0.0380859375,0.0
139,142336,0.01064453087747097,1.203125,-0.059359610080718994,-0.052606768906116486,0.012068565003573895,1.278712272644043,0.29305335879325867,0.04296875,0.0380859375,0.03515625,0.0
140,143360,0.01113281212747097,1.234375,-0.08227498084306717,-0.0773155689239502,0.01537277176976204,1.26457941532135,0.3844154477119446,0.048828125,0.052734375,0.0400390625,0.0
141,144384,0.00429687462747097,1.109375,-0.08593432605266571,-0.08156964927911758,0.01690329797565937,1.2816321849822998,0.48684391379356384,0.03515625,0.05859375,0.037109375,0.0
142,145408,0.006933593191206455,1.09375,-0.05971654877066612,-0.05575694143772125,0.0177162978798151,1.2817754745483398,0.6505619287490845,0.0341796875,0.044921875,0.0283203125,0.0
143,146432,0.008203125558793545,1.15625,-0.06634394824504852,-0.06039127707481384,0.013630881905555725,1.276810884475708,0.5682292580604553,0.0390625,0.0546875,0.029296875,0.0
144,147456,0.011328124441206455,1.265625,-0.09203024208545685,-0.08721864968538284,0.015572037547826767,1.2597613334655762,0.4041440784931183,0.048828125,0.056640625,0.037109375,0.0
145,148480,0.01005859300494194,1.09375,-0.07078206539154053,-0.0654381513595581,0.01461232639849186,1.2650072574615479,0.22259393334388733,0.0419921875,0.025390625,0.0419921875,0.0
146,149504,0.011035156436264515,1.140625,-0.08313007652759552,-0.07705249637365341,0.013053555972874165,1.2604353427886963,0.4168284237384796,0.0419921875,0.029296875,0.03515625,0.0
147,150528,0.0087890625,1.15625,-0.07928699254989624,-0.0729161724448204,0.012555450201034546,1.2648543119430542,0.20825305581092834,0.0390625,0.037109375,0.03515625,0.0
148,151552,0.01318359375,1.125,-0.08101487159729004,-0.07654774934053421,0.016065891832113266,1.250007152557373,0.28593525290489197,0.052734375,0.0361328125,0.0478515625,0.0
149,152576,0.01630859449505806,1.234375,-0.06841237843036652,-0.06652922928333282,0.021191701292991638,1.247900366783142,0.3802568316459656,0.056640625,0.0302734375,0.044921875,0.0
150,153600,0.010449218563735485,1.203125,-0.08665483444929123,-0.08182443678379059,0.015411477535963058,1.2536139488220215,0.6096720099449158,0.046875,0.0458984375,0.0419921875,0.0
151,154624,0.01689453050494194,1.234375,-0.0849568098783493,-0.0818847119808197,0.018728606402873993,1.2436407804489136,0.15802298486232758,0.0595703125,0.02734375,0.05078125,0.0
152,155648,0.0146484375,1.203125,-0.07844682782888412,-0.07354068756103516,0.014920973218977451,1.2366633415222168,0.4816867709159851,0.0546875,0.0390625,0.0439453125,0.0
153,156672,0.013281249441206455,1.140625,-0.10002794116735458,-0.09749507158994675,0.019754759967327118,1.2410247325897217,0.44533002376556396,0.0478515625,0.0302734375,0.0380859375,0.0
154,157696,0.01816406100988388,1.390625,-0.08906977623701096,-0.08699958026409149,0.02040371671319008,1.227205514907837,0.4163256585597992,0.056640625,0.033203125,0.0341796875,0.0
155,158720,0.0107421875,1.09375,-0.08449173718690872,-0.07980942726135254,0.015092826448380947,1.2228721380233765,0.3443988859653473,0.0517578125,0.0322265625,0.0595703125,0.0
156,159744,0.02138671837747097,1.25,-0.08730687201023102,-0.08533094823360443,0.020089533179998398,1.2020690441131592,0.2596980035305023,0.0732421875,0.0390625,0.056640625,0.0
157,160768,0.0166015625,1.140625,-0.10986442863941193,-0.1084241196513176,0.021442566066980362,1.2161586284637451,0.5050854682922363,0.0634765625,0.0400390625,0.0556640625,0.0
158,161792,0.01484374888241291,1.171875,-0.11039234697818756,-0.10794520378112793,0.019360927864909172,1.2127604484558105,0.5734744071960449,0.0576171875,0.0517578125,0.0439453125,0.0
159,162816,0.01328125037252903,1.125,-0.07892265915870667,-0.07497215270996094,0.016392365097999573,1.2146685123443604,0.7134146094322205,0.0556640625,0.0439453125,0.05078125,0.0
160,163840,0.02099609375,1.21875,-0.08870567381381989,-0.08889825642108917,0.024552376940846443,1.2083609104156494,0.6633626222610474,0.0703125,0.0419921875,0.0498046875,0.0
161,164864,0.02031249925494194,1.25,-0.08781031519174576,-0.08878392726182938,0.026114417240023613,1.208359718322754,0.4242260456085205,0.06640625,0.03125,0.048828125,0.0
162,165888,0.02851562388241291,1.3125,-0.1003580093383789,-0.10264289379119873,0.0281925480812788,1.1811389923095703,0.5248981714248657,0.0888671875,0.0302734375,0.064453125,0.0
163,166912,0.02763671986758709,1.40625,-0.10942761600017548,-0.10986384749412537,0.0243806354701519,1.1754090785980225,0.6161096096038818,0.08984375,0.0400390625,0.06640625,0.0
164,167936,0.02656249888241291,1.515625,-0.10407150536775589,-0.10445582866668701,0.024142280220985413,1.1686813831329346,0.6063218712806702,0.0859375,0.037109375,0.0634765625,0.0
165,168960,0.02236328087747097,1.453125,-0.11662885546684265,-0.11687421798706055,0.023852907121181488,1.168109655380249,0.739029049873352,0.0771484375,0.041015625,0.060546875,0.0
166,169984,0.02207031287252903,1.328125,-0.09493954479694366,-0.09617677330970764,0.026056336238980293,1.1790941953659058,0.6755645871162415,0.0771484375,0.0400390625,0.0625,0.0
167,171008,0.02871093712747097,1.328125,-0.09286155551671982,-0.0930541381239891,0.023491155356168747,1.1552999019622803,0.3288530111312866,0.091796875,0.033203125,0.0693359375,0.0
168,172032,0.02236328087747097,1.359375,-0.15131603181362152,-0.15292319655418396,0.02618641033768654,1.1486033201217651,0.3153553903102875,0.080078125,0.0458984375,0.0654296875,0.0
169,173056,0.03662109375,1.390625,-0.1306895613670349,-0.1398182213306427,0.0408003032207489,1.1271491050720215,0.4996393322944641,0.111328125,0.0458984375,0.072265625,0.0
170,174080,0.03046874888241291,1.484375,-0.11681544780731201,-0.11997563391923904,0.02880101650953293,1.1240322589874268,0.7888910174369812,0.09765625,0.046875,0.068359375,0.0
171,175104,0.02685546875,1.515625,-0.11665336042642593,-0.11838176101446152,0.025909744203090668,1.1226465702056885,0.3752225935459137,0.0849609375,0.03515625,0.060546875,0.0
172,176128,0.03134765475988388,1.359375,-0.1252376139163971,-0.12729766964912415,0.026620447635650635,1.1250168085098267,0.4103015661239624,0.103515625,0.0478515625,0.078125,0.0
173,177152,0.044921875,1.53125,-0.09750016033649445,-0.10551457107067108,0.03799736872315407,1.0984268188476562,0.40346968173980713,0.12890625,0.02734375,0.083984375,0.0
174,178176,0.03535156324505806,1.59375,-0.1140795648097992,-0.11793157458305359,0.029750365763902664,1.102317214012146,0.5366164445877075,0.11328125,0.037109375,0.087890625,0.0
175,179200,0.03574218600988388,1.5625,-0.1374066025018692,-0.14242509007453918,0.032131269574165344,1.1047146320343018,0.277084082365036,0.1103515625,0.0380859375,0.078125,0.0
176,180224,0.03232421725988388,1.546875,-0.13877809047698975,-0.1413889080286026,0.026817604899406433,1.0797975063323975,0.4370000660419464,0.10546875,0.0419921875,0.0810546875,0.0
177,181248,0.03232422098517418,1.4375,-0.1321893334388733,-0.13479961454868317,0.026717986911535263,1.07487154006958,0.49835044145584106,0.107421875,0.0400390625,0.0869140625,0.0
178,182272,0.02939452975988388,1.4375,-0.14527997374534607,-0.14600759744644165,0.022838721051812172,1.0691730976104736,0.5867624282836914,0.0966796875,0.04296875,0.0732421875,0.0
179,183296,0.03828125074505806,1.546875,-0.14264550805091858,-0.14708714187145233,0.0299757681787014,1.0546257495880127,0.8312771916389465,0.11328125,0.029296875,0.0771484375,0.0
180,184320,0.03759765625,1.671875,-0.10245192795991898,-0.11221055686473846,0.04060890153050423,1.054582118988037,0.5987585186958313,0.1171875,0.0517578125,0.0791015625,0.0
181,185344,0.044921875,1.78125,-0.10933639854192734,-0.12068375945091248,0.04311022162437439,1.0207747220993042,0.5974069237709045,0.12890625,0.029296875,0.0830078125,0.0
182,186368,0.03603515774011612,1.484375,-0.16597029566764832,-0.16960513591766357,0.028143830597400665,1.0437073707580566,0.4490404725074768,0.1142578125,0.0390625,0.0859375,0.0
183,187392,0.03535156324505806,1.609375,-0.14660924673080444,-0.15123961865901947,0.030257467180490494,1.0498358011245728,0.5229188203811646,0.1083984375,0.0302734375,0.0791015625,0.0
184,188416,0.04648437350988388,1.59375,-0.16266459226608276,-0.16935454308986664,0.03370293229818344,1.0161519050598145,0.4832368493080139,0.1376953125,0.0322265625,0.095703125,0.0
185,189440,0.0439453125,1.6875,-0.1487475484609604,-0.1546197384595871,0.03164492920041084,0.995027482509613,0.6344150304794312,0.1298828125,0.0322265625,0.0888671875,0.0
186,190464,0.04511718824505806,1.734375,-0.13848014175891876,-0.1478474736213684,0.03856572508811951,0.9915536642074585,0.5193014740943909,0.13671875,0.04296875,0.0947265625,0.0
187,191488,0.04892577975988388,2.125,-0.1488257795572281,-0.15958423912525177,0.040987543761730194,0.9735316038131714,0.3088424503803253,0.13671875,0.0458984375,0.07421875,0.0
188,192512,0.04277343302965164,1.90625,-0.14388470351696014,-0.15058934688568115,0.032868556678295135,0.9729641079902649,0.4105484187602997,0.1328125,0.046875,0.0947265625,0.0
189,193536,0.05498046427965164,2.0625,-0.12213936448097229,-0.13504678010940552,0.0449979193508625,0.9591538906097412,0.5650199055671692,0.150390625,0.0341796875,0.083984375,0.0
190,194560,0.05195312574505806,1.75,-0.15520811080932617,-0.1683558225631714,0.045314960181713104,0.9509769678115845,0.6352546215057373,0.150390625,0.041015625,0.095703125,0.0
191,195584,0.04931640625,2.046875,-0.15488864481449127,-0.16420209407806396,0.03731723874807358,0.934516966342926,0.32369083166122437,0.142578125,0.0419921875,0.0888671875,0.0
192,196608,0.04628906026482582,2.28125,-0.15623031556606293,-0.1650446653366089,0.03629583865404129,0.9333564043045044,0.35732805728912354,0.1328125,0.041015625,0.080078125,0.0
193,197632,0.04580078274011612,2.015625,-0.11357774585485458,-0.12382074445486069,0.03879265859723091,0.915333092212677,0.6385783553123474,0.1328125,0.0419921875,0.08203125,0.0
194,198656,0.06386718899011612,2.375,-0.14648029208183289,-0.16096031665802002,0.04730436950922012,0.9172157049179077,0.5013410449028015,0.16796875,0.0390625,0.0810546875,0.0
195,199680,0.04716796800494194,2.0625,-0.1445600837469101,-0.1527341902256012,0.03425648808479309,0.8954135179519653,0.48146292567253113,0.1376953125,0.044921875,0.0859375,0.0
196,200704,0.05869140475988388,2.078125,-0.12539881467819214,-0.13663692772388458,0.04048602655529976,0.9004905819892883,0.7461786270141602,0.1640625,0.0439453125,0.0947265625,0.0
197,201728,0.05302734300494194,2.109375,-0.16551221907138824,-0.1744934767484665,0.035756394267082214,0.8896927833557129,0.5731547474861145,0.1552734375,0.046875,0.099609375,0.0
198,202752,0.05390624701976776,2.15625,-0.10860675573348999,-0.11952147632837296,0.03969781845808029,0.8934182524681091,0.7885581254959106,0.1513671875,0.0439453125,0.0869140625,0.0
199,203776,0.05624999850988388,2.09375,-0.1475219875574112,-0.15505751967430115,0.031957004219293594,0.8442963361740112,0.6205194592475891,0.158203125,0.037109375,0.095703125,0.0
200,204800,0.06328125298023224,2.0625,-0.14510715007781982,-0.15528619289398193,0.03733651712536812,0.848922073841095,0.355793833732605,0.169921875,0.03125,0.0927734375,0.0
201,205824,0.05205078050494194,2.046875,-0.16654349863529205,-0.17734263837337494,0.038641639053821564,0.8521670699119568,0.5850435495376587,0.1494140625,0.05078125,0.087890625,0.0
202,206848,0.06220702826976776,2.21875,-0.18076997995376587,-0.19504386186599731,0.04492967948317528,0.8190960884094238,0.9941684007644653,0.16796875,0.0517578125,0.0830078125,0.0
203,207872,0.05244140699505806,2.109375,-0.13944478332996368,-0.15074944496154785,0.03930285573005676,0.8346768021583557,0.7718744277954102,0.15234375,0.0556640625,0.0908203125,0.0
204,208896,0.06093750149011612,2.390625,-0.15938062965869904,-0.16993488371372223,0.037298254668712616,0.8094878196716309,0.5958126783370972,0.1669921875,0.0439453125,0.0908203125,0.0
205,209920,0.05917968600988388,2.625,-0.12984640896320343,-0.14232204854488373,0.040701400488615036,0.7875068187713623,0.420522004365921,0.1611328125,0.0478515625,0.0830078125,0.0
206,210944,0.06660155951976776,2.875,-0.10957171022891998,-0.12330971658229828,0.043399419635534286,0.7961709499359131,0.49047666788101196,0.1708984375,0.0361328125,0.076171875,0.0
207,211968,0.05917968600988388,2.78125,-0.13204973936080933,-0.14479747414588928,0.04088474065065384,0.7694635987281799,0.7445750832557678,0.1669921875,0.0576171875,0.0927734375,0.0
208,212992,0.06240233778953552,2.796875,-0.11445295810699463,-0.12833420932292938,0.04302004724740982,0.7628769874572754,0.39392727613449097,0.16796875,0.0498046875,0.0830078125,0.0
209,214016,0.06728515774011612,2.921875,-0.09290585666894913,-0.10812103003263474,0.04509389027953148,0.7331770658493042,0.2829703390598297,0.1787109375,0.05859375,0.0810546875,0.0
210,215040,0.07275390625,3.078125,-0.1387050896883011,-0.15631161630153656,0.04997754842042923,0.7382239103317261,0.7031616568565369,0.1865234375,0.048828125,0.078125,0.0
211,216064,0.05634765699505806,1.921875,-0.13338786363601685,-0.14745396375656128,0.04396209120750427,0.7914950847625732,0.88426274061203,0.166015625,0.0458984375,0.1103515625,0.0
212,217088,0.0595703125,1.90625,-0.1563657969236374,-0.16667526960372925,0.03637360781431198,0.7877333164215088,0.8755723834037781,0.166015625,0.041015625,0.0966796875,0.0
213,218112,0.07607421278953552,2.453125,-0.16758158802986145,-0.17766313254833221,0.03513052314519882,0.7483725547790527,0.34607774019241333,0.1943359375,0.033203125,0.0888671875,0.0
214,219136,0.07470703125,2.875,-0.15063413977622986,-0.16928018629550934,0.052091412246227264,0.7399671077728271,0.694317102432251,0.1865234375,0.03515625,0.0751953125,0.0
215,220160,0.06621094048023224,2.8125,-0.14848747849464417,-0.15814627707004547,0.033372655510902405,0.7027533054351807,0.6770952939987183,0.1728515625,0.0244140625,0.0888671875,0.0
216,221184,0.06552734225988388,2.96875,-0.140329509973526,-0.155807763338089,0.04563453793525696,0.733902096748352,0.46278896927833557,0.1748046875,0.0546875,0.08203125,0.0
217,222208,0.06582030653953552,2.90625,-0.13283012807369232,-0.14358842372894287,0.03578997403383255,0.7136693000793457,0.5245784521102905,0.1748046875,0.0380859375,0.0888671875,0.0
218,223232,0.07246093451976776,3.046875,-0.11501102149486542,-0.12613333761692047,0.03636033833026886,0.7057855129241943,0.7358852028846741,0.1875,0.0546875,0.0791015625,0.0
219,224256,0.06777343153953552,2.859375,-0.17612677812576294,-0.18738114833831787,0.036808665841817856,0.7149960994720459,0.4783352315425873,0.1796875,0.03125,0.0947265625,0.0
220,225280,0.07070311903953552,2.390625,-0.1409902125597,-0.15360072255134583,0.039368703961372375,0.7073839902877808,0.32178840041160583,0.1923828125,0.0595703125,0.09765625,0.0
221,226304,0.07939453423023224,2.8125,-0.10597174614667892,-0.11670657992362976,0.035364631563425064,0.6947479844093323,0.7085437774658203,0.201171875,0.0458984375,0.0830078125,0.0
222,227328,0.07900390774011612,2.9375,-0.16143544018268585,-0.1722814291715622,0.03512837737798691,0.6718207597732544,0.8756645917892456,0.1982421875,0.025390625,0.087890625,0.0
223,228352,0.07763671875,2.75,-0.11988725513219833,-0.13202399015426636,0.03796294331550598,0.6844736337661743,0.5234503746032715,0.20703125,0.0498046875,0.1044921875,0.0
224,229376,0.08349609375,2.796875,-0.12710008025169373,-0.14206716418266296,0.043052397668361664,0.6559121608734131,0.3199215233325958,0.2119140625,0.037109375,0.09375,0.0
225,230400,0.07412109524011612,2.734375,-0.1282789409160614,-0.14068585634231567,0.038033612072467804,0.6609889268875122,0.29570838809013367,0.1953125,0.0439453125,0.095703125,0.0
226,231424,0.08798827975988388,3.09375,-0.17734110355377197,-0.18766453862190247,0.03405674174427986,0.6704949140548706,0.6951676607131958,0.2177734375,0.041015625,0.083984375,0.0
227,232448,0.07753905653953552,3.125,-0.18513889610767365,-0.1988828182220459,0.040663450956344604,0.6587800979614258,0.5305054187774658,0.203125,0.0546875,0.0927734375,0.0
228,233472,0.07968750596046448,3.140625,-0.1576816290616989,-0.1699170470237732,0.03699076920747757,0.6259965896606445,0.2491912692785263,0.19921875,0.03515625,0.08203125,0.0
229,234496,0.07109375298023224,2.328125,-0.11297057569026947,-0.12383266538381577,0.0354125052690506,0.6844161152839661,0.4122634828090668,0.1923828125,0.0498046875,0.1005859375,0.0
230,235520,0.08085937798023224,2.6875,-0.17688673734664917,-0.188263401389122,0.035386066883802414,0.6316369771957397,0.34378474950790405,0.205078125,0.033203125,0.091796875,0.0
231,236544,0.07998046278953552,2.625,-0.14082036912441254,-0.15203142166137695,0.03519866615533829,0.6388272047042847,0.5345616936683655,0.20703125,0.0400390625,0.09765625,0.0
232,237568,0.08408202230930328,2.609375,-0.12150117009878159,-0.1336883008480072,0.03710208460688591,0.6363911032676697,0.4951595366001129,0.2138671875,0.033203125,0.09765625,0.0
233,238592,0.08310546725988388,2.921875,-0.13104349374771118,-0.1472940444946289,0.04507098346948624,0.6284939050674438,0.2611401081085205,0.2119140625,0.037109375,0.095703125,0.0
234,239616,0.07490234076976776,2.609375,-0.11429563164710999,-0.13134212791919708,0.04685734212398529,0.6382172107696533,0.46932610869407654,0.197265625,0.0458984375,0.095703125,0.0
235,240640,0.08779297024011612,2.875,-0.09369433671236038,-0.1081760972738266,0.04115085303783417,0.6093667149543762,0.40668657422065735,0.224609375,0.0498046875,0.09765625,0.0
236,241664,0.08281249552965164,2.765625,-0.09272953122854233,-0.10990962386131287,0.046927183866500854,0.628349781036377,1.0041004419326782,0.220703125,0.05859375,0.1083984375,0.0
237,242688,0.08476562798023224,2.75,-0.11481937766075134,-0.12481146305799484,0.03217190504074097,0.6093864440917969,0.7704194188117981,0.2138671875,0.0322265625,0.0947265625,0.0
238,243712,0.09091796725988388,2.734375,-0.18015171587467194,-0.19089393317699432,0.033596426248550415,0.6055991649627686,0.3845287561416626,0.2265625,0.0341796875,0.0947265625,0.0
239,244736,0.08535156399011612,2.828125,-0.14565283060073853,-0.16023686528205872,0.04066414386034012,0.5748035907745361,0.40246638655662537,0.21875,0.029296875,0.10546875,0.0
240,245760,0.08837890625,3.25,-0.12527546286582947,-0.13923613727092743,0.03978143632411957,0.5930044651031494,0.5068697929382324,0.2197265625,0.04296875,0.0859375,0.0
241,246784,0.08818358927965164,2.859375,-0.15005268156528473,-0.16466514766216278,0.04126696288585663,0.602100133895874,1.2356042861938477,0.2216796875,0.02734375,0.099609375,0.0
242,247808,0.09003905951976776,2.90625,-0.15696316957473755,-0.17207100987434387,0.04232408106327057,0.6054190993309021,1.091162085533142,0.22265625,0.025390625,0.09375,0.0
243,248832,0.08769530802965164,3.0,-0.13581904768943787,-0.14849984645843506,0.036899372935295105,0.5768895149230957,0.9872221350669861,0.2197265625,0.0283203125,0.0966796875,0.0
244,249856,0.09238281100988388,2.9375,-0.12116305530071259,-0.13314087688922882,0.03557084873318672,0.5807598233222961,0.2723582088947296,0.2275390625,0.0205078125,0.0966796875,0.0
245,250880,0.08896484225988388,2.65625,-0.14918506145477295,-0.1629292219877243,0.03903469070792198,0.5773193836212158,0.8565728664398193,0.2255859375,0.044921875,0.0966796875,0.0
246,251904,0.09257812052965164,2.578125,-0.1630285233259201,-0.17580635845661163,0.037123750895261765,0.5784038305282593,0.4366140067577362,0.234375,0.04296875,0.1015625,0.0
247,252928,0.09199218451976776,2.71875,-0.17333008348941803,-0.1862637996673584,0.03726348280906677,0.5698031187057495,0.8528152704238892,0.228515625,0.029296875,0.0966796875,0.0
248,253952,0.09072265774011612,3.046875,-0.17195767164230347,-0.1852325052022934,0.037792105227708817,0.5621217489242554,0.4141978919506073,0.2275390625,0.037109375,0.0966796875,0.0
249,254976,0.08964844048023224,2.484375,-0.1538511961698532,-0.16475875675678253,0.03344797343015671,0.5816429853439331,1.149147391319275,0.228515625,0.025390625,0.1103515625,0.0
250,256000,0.09326171875,2.890625,-0.15182176232337952,-0.168898805975914,0.04547508805990219,0.5660498142242432,0.48026373982429504,0.2294921875,0.02734375,0.09375,0.0
251,257024,0.08769531548023224,2.59375,-0.1514997035264969,-0.16352352499961853,0.03523990139365196,0.5596134662628174,1.0977877378463745,0.2255859375,0.0380859375,0.1064453125,0.0
252,258048,0.09726562350988388,3.140625,-0.18582271039485931,-0.20080384612083435,0.04077843204140663,0.5408077836036682,0.9964891076087952,0.234375,0.03515625,0.08203125,0.0
253,259072,0.08417968451976776,2.421875,-0.18651548027992249,-0.20189809799194336,0.041682519018650055,0.5458633899688721,0.9029118418693542,0.2177734375,0.0361328125,0.10546875,0.0
254,260096,0.10273437201976776,2.734375,-0.1679358035326004,-0.18230289220809937,0.039490438997745514,0.5378131866455078,0.6860983371734619,0.25,0.021484375,0.1005859375,0.0
255,261120,0.0986328050494194,2.796875,-0.1575988084077835,-0.1698683649301529,0.03492731973528862,0.5194094181060791,0.26101768016815186,0.2412109375,0.0166015625,0.1015625,0.0
256,262144,0.08896484225988388,2.609375,-0.1490953266620636,-0.16029788553714752,0.03353351354598999,0.556419849395752,0.9089985489845276,0.228515625,0.0302734375,0.111328125,0.0
257,263168,0.09677734225988388,2.890625,-0.14127177000045776,-0.155705988407135,0.040103934705257416,0.561774730682373,0.9363229870796204,0.2421875,0.0322265625,0.10546875,0.0
258,264192,0.0927734375,3.0,-0.14146842062473297,-0.15328550338745117,0.0337943471968174,0.5080084800720215,0.8805956244468689,0.2275390625,0.0263671875,0.091796875,0.0
259,265216,0.09892577677965164,3.40625,-0.10411775857210159,-0.12423389405012131,0.05057903379201889,0.5173377990722656,0.502285361289978,0.23828125,0.0205078125,0.0908203125,0.0
260,266240,0.09716796875,3.15625,-0.134490966796875,-0.1513047218322754,0.043787091970443726,0.5079786777496338,0.2549240291118622,0.2421875,0.0341796875,0.1025390625,0.0
261,267264,0.09238281100988388,2.984375,-0.11511139571666718,-0.13153581321239471,0.04319356381893158,0.5172367095947266,0.3512020707130432,0.2294921875,0.0361328125,0.09375,0.0
262,268288,0.09062500298023224,2.890625,-0.10981755703687668,-0.1278347671031952,0.04650227352976799,0.5233927965164185,0.6115016341209412,0.2294921875,0.0419921875,0.099609375,0.0
263,269312,0.08730468153953552,2.703125,-0.10115489363670349,-0.11922093480825424,0.04670724272727966,0.5287578105926514,0.6130367517471313,0.2265625,0.048828125,0.10546875,0.0
264,270336,0.09560546278953552,3.0,-0.11149664223194122,-0.12977266311645508,0.046776775270700455,0.5112366080284119,0.8031957149505615,0.236328125,0.0400390625,0.0927734375,0.0
265,271360,0.09658202528953552,3.015625,-0.0898561179637909,-0.10997577756643295,0.05054793879389763,0.5154310464859009,0.9889024496078491,0.2431640625,0.044921875,0.1025390625,0.0
266,272384,0.08544921875,2.984375,-0.1257798969745636,-0.13903801143169403,0.03644425421953201,0.49640050530433655,0.7775022387504578,0.22265625,0.0556640625,0.1015625,0.0
267,273408,0.09326171875,2.9375,-0.12273726612329483,-0.13647975027561188,0.03767354041337967,0.5094283819198608,0.8378452658653259,0.23046875,0.0322265625,0.09375,0.0
268,274432,0.09453125298023224,3.0,-0.18248344957828522,-0.19491583108901978,0.03482925146818161,0.498224675655365,0.9673834443092346,0.2333984375,0.0205078125,0.1005859375,0.0
269,275456,0.09355468302965164,2.515625,-0.10305993258953094,-0.11387169361114502,0.031367845833301544,0.4872156083583832,1.0359127521514893,0.2373046875,0.0341796875,0.1083984375,0.0
270,276480,0.10712890326976776,3.3125,-0.12477674335241318,-0.13716493546962738,0.034079454839229584,0.46515360474586487,1.0120632648468018,0.25,0.0185546875,0.080078125,0.0
271,277504,0.10312499105930328,2.90625,-0.11681852489709854,-0.12498681247234344,0.02588442713022232,0.47739243507385254,0.6438413262367249,0.255859375,0.0234375,0.1123046875,0.0
272,278528,0.1005859375,2.796875,-0.1261218786239624,-0.1403864026069641,0.038428377360105515,0.494966983795166,0.49632179737091064,0.24609375,0.0234375,0.1005859375,0.0
273,279552,0.10498046875,3.03125,-0.1860983669757843,-0.2010260373353958,0.03973746299743652,0.49410563707351685,1.3064227104187012,0.2529296875,0.0234375,0.095703125,0.0
274,280576,0.09042967855930328,2.953125,-0.12269850075244904,-0.13847604393959045,0.041350413113832474,0.4897664189338684,1.152118444442749,0.228515625,0.0390625,0.099609375,0.0
275,281600,0.09726563096046448,2.984375,-0.10981389880180359,-0.1236204132437706,0.037297192960977554,0.4842081665992737,1.3179861307144165,0.2431640625,0.0400390625,0.1015625,0.0
276,282624,0.10224609076976776,2.875,-0.13076242804527283,-0.1416168361902237,0.03161562234163284,0.4953399896621704,1.0322641134262085,0.25,0.0244140625,0.1015625,0.0
277,283648,0.10771483927965164,2.75,-0.13101065158843994,-0.14109769463539124,0.029449470341205597,0.46376919746398926,0.4647533595561981,0.259765625,0.0146484375,0.103515625,0.0
278,284672,0.10009765625,2.90625,-0.11817875504493713,-0.13097597658634186,0.03479882702231407,0.4602191746234894,0.9500673413276672,0.24609375,0.0244140625,0.1025390625,0.0
279,285696,0.09482421725988388,3.015625,-0.16767056286334991,-0.1842646598815918,0.043134529143571854,0.4973175823688507,1.7991667985916138,0.2373046875,0.025390625,0.1064453125,0.0
280,286720,0.09326171875,2.765625,-0.14789621531963348,-0.16148754954338074,0.03695497661828995,0.48861461877822876,1.6294609308242798,0.232421875,0.0283203125,0.1005859375,0.0
281,287744,0.10009765625,2.734375,-0.1900646984577179,-0.20209702849388123,0.03344380855560303,0.4689575135707855,1.1497842073440552,0.2451171875,0.01953125,0.1025390625,0.0
282,288768,0.10146483778953552,3.078125,-0.12732569873332977,-0.1372615247964859,0.02924623154103756,0.4687293469905853,1.2785569429397583,0.2431640625,0.02734375,0.0869140625,0.0
283,289792,0.10810546576976776,3.09375,-0.11432190984487534,-0.12599074840545654,0.03220357000827789,0.443294495344162,0.5892654061317444,0.2568359375,0.013671875,0.0947265625,0.0
284,290816,0.10166016221046448,2.640625,-0.11129990220069885,-0.12185857445001602,0.03009895607829094,0.44908058643341064,0.4311823546886444,0.2490234375,0.013671875,0.107421875,0.0
285,291840,0.09580077230930328,2.46875,-0.15664520859718323,-0.1683560311794281,0.03287817910313606,0.4728277921676636,1.765128254890442,0.2421875,0.0224609375,0.115234375,0.0
286,292864,0.10273437201976776,2.84375,-0.15375325083732605,-0.16761860251426697,0.03677090257406235,0.45201003551483154,1.3530980348587036,0.25,0.029296875,0.0966796875,0.0
287,293888,0.10361327975988388,2.59375,-0.12300446629524231,-0.13631664216518402,0.03554584085941315,0.44607478380203247,0.9521400332450867,0.2529296875,0.013671875,0.107421875,0.0
288,294912,0.10458983480930328,2.609375,-0.12703873217105865,-0.13529346883296967,0.025572052225470543,0.4531285762786865,0.5702555179595947,0.255859375,0.0146484375,0.109375,0.0
289,295936,0.11191406100988388,2.828125,-0.1304991990327835,-0.13956652581691742,0.027122430503368378,0.44938892126083374,0.29436007142066956,0.2724609375,0.0087890625,0.1171875,0.0
290,296960,0.10478515177965164,2.6875,-0.11534305661916733,-0.1250833421945572,0.028142381459474564,0.4330906867980957,0.5716468095779419,0.25390625,0.0107421875,0.10546875,0.0
291,297984,0.09853515028953552,2.59375,-0.13498374819755554,-0.1462080031633377,0.03146706148982048,0.4509264826774597,1.0081074237823486,0.2431640625,0.017578125,0.1064453125,0.0
292,299008,0.11162109673023224,3.0625,-0.12985746562480927,-0.14227412641048431,0.033562757074832916,0.4364716112613678,1.0566368103027344,0.26171875,0.0087890625,0.091796875,0.0
293,300032,0.11640624701976776,3.21875,-0.11703687161207199,-0.12590809166431427,0.02641242742538452,0.43349969387054443,0.5421707630157471,0.2744140625,0.0126953125,0.09765625,0.0
294,301056,0.10136718302965164,2.765625,-0.1410999596118927,-0.14948110282421112,0.025119950994849205,0.41788434982299805,0.4586806297302246,0.24609375,0.013671875,0.1015625,0.0
295,302080,0.10703125596046448,2.96875,-0.16091986000537872,-0.17374765872955322,0.03445911034941673,0.44017571210861206,0.6686654686927795,0.2607421875,0.0244140625,0.1044921875,0.0
296,303104,0.109375,2.96875,-0.1753607541322708,-0.189784973859787,0.03742651641368866,0.4289044439792633,0.564671516418457,0.259765625,0.01171875,0.0966796875,0.0
297,304128,0.10957030951976776,3.0625,-0.138625830411911,-0.1482471525669098,0.02769545465707779,0.42264023423194885,0.9748604893684387,0.2646484375,0.0146484375,0.1064453125,0.0
298,305152,0.11835937201976776,3.328125,-0.07224017381668091,-0.08679571747779846,0.03731183707714081,0.41003745794296265,0.45158204436302185,0.28125,0.013671875,0.1044921875,0.0
299,306176,0.10615234076976776,2.875,-0.07095548510551453,-0.08171291649341583,0.029978882521390915,0.4232013523578644,0.3585260510444641,0.2568359375,0.013671875,0.1044921875,0.0
300,307200,0.11308594048023224,3.0,-0.13661770522594452,-0.14726141095161438,0.029742520302534103,0.4227549433708191,0.35859179496765137,0.2666015625,0.0126953125,0.0947265625,0.0
301,308224,0.11357421427965164,3.078125,-0.17504779994487762,-0.18644972145557404,0.031191017478704453,0.4193592667579651,0.7735117673873901,0.26953125,0.0205078125,0.095703125,0.0
302,309248,0.1132812425494194,3.03125,-0.1034025028347969,-0.11348844319581985,0.028084542602300644,0.39563319087028503,0.5141669511795044,0.2724609375,0.0107421875,0.109375,0.0
303,310272,0.11474609375,3.15625,-0.1453225314617157,-0.1559590995311737,0.029560593888163567,0.4143730401992798,0.362391859292984,0.275390625,0.0166015625,0.1064453125,0.0
304,311296,0.10664062201976776,2.78125,-0.09706094115972519,-0.10625562071800232,0.026514355093240738,0.4062495529651642,0.8123613595962524,0.2607421875,0.0146484375,0.111328125,0.0
305,312320,0.11269530653953552,3.25,-0.13191916048526764,-0.14158496260643005,0.02724451571702957,0.39564573764801025,0.5727241039276123,0.2646484375,0.0185546875,0.0888671875,0.0
306,313344,0.10771484673023224,2.9375,-0.11559440940618515,-0.12798991799354553,0.032762475311756134,0.3985724449157715,0.6964371800422668,0.2587890625,0.017578125,0.099609375,0.0
307,314368,0.12089843302965164,3.15625,-0.0802333727478981,-0.09452912956476212,0.03633163869380951,0.3870060443878174,0.8474224209785461,0.2802734375,0.0068359375,0.0927734375,0.0
308,315392,0.11093749105930328,2.734375,-0.18071261048316956,-0.1896178126335144,0.025783175602555275,0.39863818883895874,0.6804961562156677,0.267578125,0.005859375,0.111328125,0.0
309,316416,0.10820312052965164,2.796875,-0.15456315875053406,-0.16576352715492249,0.03054293431341648,0.40711072087287903,0.8825312852859497,0.2587890625,0.0146484375,0.0986328125,0.0
310,317440,0.10996093600988388,2.890625,-0.12609587609767914,-0.13992315530776978,0.035674404352903366,0.40099233388900757,0.5698882341384888,0.263671875,0.017578125,0.1005859375,0.0
311,318464,0.1103515625,3.390625,-0.13575699925422668,-0.14884719252586365,0.034117162227630615,0.3968389630317688,0.9347851276397705,0.259765625,0.017578125,0.0888671875,0.0
312,319488,0.10097655653953552,2.890625,-0.20195549726486206,-0.21308715641498566,0.030108507722616196,0.3922604024410248,0.9423803687095642,0.2509765625,0.0263671875,0.109375,0.0
313,320512,0.103515625,2.90625,-0.14182071387767792,-0.15059763193130493,0.025089697912335396,0.37679439783096313,0.43734192848205566,0.2490234375,0.0166015625,0.0966796875,0.0
314,321536,0.10732421278953552,2.78125,-0.10150683671236038,-0.11115410923957825,0.02693234011530876,0.3818897306919098,0.7224136590957642,0.2587890625,0.0078125,0.1064453125,0.0
315,322560,0.11357421427965164,2.640625,-0.05604544281959534,-0.07110507041215897,0.03786666691303253,0.387370765209198,0.6841965317726135,0.2724609375,0.0078125,0.109375,0.0
316,323584,0.10703124850988388,2.640625,-0.13939493894577026,-0.1503048539161682,0.02965950220823288,0.3919835090637207,0.7383906245231628,0.2587890625,0.0205078125,0.1015625,0.0
317,324608,0.10654296725988388,2.96875,-0.1137050911784172,-0.12299192696809769,0.025949522852897644,0.3687923848628998,1.1670016050338745,0.2548828125,0.013671875,0.09765625,0.0
318,325632,0.109375,2.890625,-0.20112912356853485,-0.21428751945495605,0.03396458923816681,0.38238948583602905,1.187648057937622,0.2626953125,0.0087890625,0.10546875,0.0
319,326656,0.11699219048023224,3.453125,-0.14605483412742615,-0.1623063087463379,0.04004092514514923,0.3768976330757141,0.5748217105865479,0.2724609375,0.0146484375,0.0888671875,0.0
320,327680,0.10908202826976776,2.90625,-0.1253490298986435,-0.13634543120861053,0.02977590076625347,0.3891550600528717,0.7698225975036621,0.2607421875,0.01171875,0.1005859375,0.0
321,328704,0.10332030802965164,2.890625,-0.12600205838680267,-0.14261139929294586,0.04064837843179703,0.37148427963256836,0.5645586252212524,0.2490234375,0.0205078125,0.095703125,0.0
322,329728,0.11074218899011612,2.96875,-0.156321182847023,-0.1688065528869629,0.032469742000103,0.374950647354126,0.9299538731575012,0.2666015625,0.0166015625,0.1044921875,0.0
323,330752,0.1064453125,2.640625,-0.15052399039268494,-0.16161993145942688,0.0297038946300745,0.37560057640075684,0.37812381982803345,0.259765625,0.015625,0.109375,0.0
324,331776,0.11269530653953552,2.859375,-0.14966276288032532,-0.16366071999073029,0.035611532628536224,0.38078105449676514,0.9902446866035461,0.2705078125,0.0166015625,0.1044921875,0.0
325,332800,0.1132812425494194,2.984375,-0.09345629811286926,-0.10358501970767975,0.027608195319771767,0.3675375282764435,0.5420867800712585,0.267578125,0.0078125,0.0986328125,0.0
326,333824,0.11533202230930328,3.109375,-0.10150890797376633,-0.11245886236429214,0.029097989201545715,0.35990381240844727,0.550984799861908,0.2724609375,0.009765625,0.099609375,0.0
327,334848,0.12119140475988388,3.3125,-0.11475979536771774,-0.12772877514362335,0.03328559920191765,0.3673820495605469,0.9121882915496826,0.2802734375,0.015625,0.0869140625,0.0
328,335872,0.11210937798023224,3.046875,-0.09000559151172638,-0.10261264443397522,0.032616518437862396,0.37012094259262085,0.6733360886573792,0.2666015625,0.0107421875,0.1005859375,0.0
329,336896,0.11406250298023224,3.1875,-0.07704266160726547,-0.09012991189956665,0.03332096338272095,0.3573228120803833,1.0170398950576782,0.2705078125,0.0283203125,0.091796875,0.0
330,337920,0.11650390177965164,3.53125,-0.16735538840293884,-0.18025097250938416,0.03294427692890167,0.357653945684433,1.0360844135284424,0.275390625,0.0107421875,0.1005859375,0.0
331,338944,0.11630859225988388,2.953125,-0.13115188479423523,-0.14669346809387207,0.037958621978759766,0.3437734842300415,0.6771501898765564,0.2763671875,0.009765625,0.1044921875,0.0
332,339968,0.10781250149011612,2.96875,-0.10668914765119553,-0.12005297094583511,0.033604659140110016,0.3438512086868286,0.8537486791610718,0.2626953125,0.0166015625,0.109375,0.0
333,340992,0.11826171725988388,3.5625,-0.09532953053712845,-0.10456962883472443,0.025682635605335236,0.3601219058036804,0.5917415618896484,0.2763671875,0.01171875,0.09375,0.0
334,342016,0.11328125,3.140625,-0.10795905441045761,-0.12204406410455704,0.035429637879133224,0.36298084259033203,1.5234792232513428,0.271484375,0.0234375,0.1005859375,0.0
335,343040,0.11152343451976776,2.78125,-0.11154422163963318,-0.12466643005609512,0.03323027491569519,0.3492926359176636,1.2014497518539429,0.2685546875,0.0185546875,0.1044921875,0.0
336,344064,0.11513671278953552,3.203125,-0.09301706403493881,-0.10865693539381027,0.03827137127518654,0.34958112239837646,1.0063574314117432,0.2685546875,0.015625,0.087890625,0.0
337,345088,0.12080077826976776,3.625,-0.0946439579129219,-0.10613521933555603,0.029644398018717766,0.33309406042099,0.6532846093177795,0.2783203125,0.0078125,0.087890625,0.0
338,346112,0.11093749850988388,2.640625,-0.1159093901515007,-0.12804339826107025,0.030769579112529755,0.325078547000885,0.8206291198730469,0.26953125,0.009765625,0.1142578125,0.0
339,347136,0.11191406100988388,3.078125,-0.0765339806675911,-0.0873112678527832,0.02839059755206108,0.3418014943599701,1.1664469242095947,0.263671875,0.009765625,0.0947265625,0.0
340,348160,0.1123046875,3.015625,-0.11804832518100739,-0.13265050947666168,0.03632785752415657,0.3561740815639496,1.0908275842666626,0.267578125,0.015625,0.099609375,0.0
341,349184,0.11210937798023224,3.0,-0.08490830659866333,-0.10322175920009613,0.04361838102340698,0.3495738208293915,1.4112589359283447,0.26953125,0.025390625,0.1005859375,0.0
342,350208,0.10761718451976776,2.875,-0.12673264741897583,-0.14090414345264435,0.03501099348068237,0.333400160074234,1.1221251487731934,0.2578125,0.013671875,0.099609375,0.0
343,351232,0.11328125,3.03125,-0.07881979644298553,-0.09318108856678009,0.03571489080786705,0.349615216255188,0.3829788863658905,0.2705078125,0.0126953125,0.103515625,0.0
344,352256,0.12148436903953552,3.59375,-0.08279009908437729,-0.0944037139415741,0.029732195660471916,0.32524871826171875,0.4216362237930298,0.2822265625,0.0107421875,0.0927734375,0.0
345,353280,0.10175780951976776,2.671875,-0.11266288161277771,-0.12270571291446686,0.027303077280521393,0.3608706593513489,1.104424238204956,0.2509765625,0.0166015625,0.1103515625,0.0
346,354304,0.11738280951976776,2.78125,-0.15308456122875214,-0.16803611814975739,0.036682989448308945,0.33899402618408203,1.4976205825805664,0.283203125,0.009765625,0.1162109375,0.0
347,355328,0.10986328125,3.203125,-0.10862711071968079,-0.1202726885676384,0.03044937178492546,0.3579109311103821,0.9820938110351562,0.2626953125,0.01171875,0.1015625,0.0
348,356352,0.11289061605930328,3.109375,-0.08367626368999481,-0.09392496198415756,0.027346596121788025,0.34246009588241577,0.5775862336158752,0.2724609375,0.0087890625,0.1123046875,0.0
349,357376,0.11767578125,3.109375,-0.12966401875019073,-0.14156275987625122,0.02981521189212799,0.30088627338409424,0.46343034505844116,0.279296875,0.0087890625,0.10546875,0.0
350,358400,0.10908202826976776,2.9375,-0.046312157064676285,-0.05727499723434448,0.02870025858283043,0.33872896432876587,0.5546421408653259,0.2607421875,0.0078125,0.1025390625,0.0
351,359424,0.12343750149011612,3.34375,-0.07470128685235977,-0.08927229046821594,0.03529509902000427,0.30765455961227417,0.8248281478881836,0.28515625,0.009765625,0.0908203125,0.0
352,360448,0.1123046800494194,2.796875,-0.12250848114490509,-0.13605913519859314,0.033840131014585495,0.33694136142730713,1.1078910827636719,0.267578125,0.0078125,0.103515625,0.0
353,361472,0.11630859971046448,3.09375,-0.08693468570709229,-0.09946366399526596,0.03156151622533798,0.3251773715019226,0.5249524116516113,0.2744140625,0.009765625,0.099609375,0.0
354,362496,0.11406249552965164,3.171875,-0.08600081503391266,-0.0992293655872345,0.032925739884376526,0.3234318792819977,0.4579658508300781,0.267578125,0.00390625,0.0966796875,0.0
355,363520,0.11972656100988388,3.0625,-0.06682232022285461,-0.07803268730640411,0.028700266033411026,0.31397610902786255,0.4559424817562103,0.283203125,0.00390625,0.107421875,0.0
356,364544,0.11757811903953552,2.84375,-0.12560205161571503,-0.13877074420452118,0.03285757452249527,0.3260089159011841,0.7507840991020203,0.2763671875,0.0107421875,0.09765625,0.0
357,365568,0.12265624850988388,3.140625,-0.11280503123998642,-0.12618783116340637,0.033327799290418625,0.3281102180480957,0.8449148535728455,0.2890625,0.0078125,0.10546875,0.0
358,366592,0.11562499403953552,3.609375,-0.1656632423400879,-0.17736969888210297,0.02970218099653721,0.31446415185928345,0.6375039219856262,0.267578125,0.017578125,0.08203125,0.0
359,367616,0.11591796576976776,3.515625,-0.08099275827407837,-0.09380511939525604,0.03227318078279495,0.3324228823184967,0.39028212428092957,0.2734375,0.0126953125,0.09765625,0.0
360,368640,0.10781249403953552,2.859375,-0.07146380096673965,-0.08256129920482635,0.028242656961083412,0.3023836016654968,0.4404343366622925,0.2587890625,0.0126953125,0.1015625,0.0
361,369664,0.11582030355930328,3.421875,-0.09129151701927185,-0.10203239321708679,0.0278198029845953,0.3169025778770447,0.510725200176239,0.26953125,0.0078125,0.0908203125,0.0
362,370688,0.1088867112994194,2.875,-0.0989803820848465,-0.10971984267234802,0.02775033563375473,0.31357109546661377,0.7319998741149902,0.259765625,0.0087890625,0.1005859375,0.0
363,371712,0.11582030355930328,3.140625,-0.0660829097032547,-0.07639651745557785,0.026732929050922394,0.305286169052124,0.409977525472641,0.26953125,0.00390625,0.0927734375,0.0
364,372736,0.11708984524011612,2.9375,-0.07933154702186584,-0.08922243863344193,0.026040654629468918,0.31294411420822144,0.9079462885856628,0.275390625,0.0087890625,0.0986328125,0.0
365,373760,0.115234375,3.03125,-0.07796826213598251,-0.09117627143859863,0.032805655151605606,0.3194813132286072,0.8908811211585999,0.2724609375,0.0068359375,0.1015625,0.0
366,374784,0.11855468153953552,3.03125,-0.09857440739870071,-0.11096935719251633,0.03131008520722389,0.32600921392440796,0.46754375100135803,0.2783203125,0.0087890625,0.0986328125,0.0
367,375808,0.11337890475988388,3.046875,-0.10912272334098816,-0.12090886384248734,0.02987637370824814,0.3152041435241699,0.37564441561698914,0.2646484375,0.0078125,0.0908203125,0.0
368,376832,0.12646484375,3.625,-0.03651617839932442,-0.04608624055981636,0.024886688217520714,0.2873283624649048,0.6504250168800354,0.2919921875,0.005859375,0.0947265625,0.0
369,377856,0.11455077677965164,3.53125,-0.07115622609853745,-0.08393044769763947,0.031618475914001465,0.30350184440612793,0.6623495221138,0.2666015625,0.009765625,0.0888671875,0.0
370,378880,0.12548828125,4.03125,-0.059488799422979355,-0.07468128204345703,0.03651048615574837,0.3062759041786194,0.4166039526462555,0.2890625,0.0087890625,0.0908203125,0.0
371,379904,0.11162108182907104,3.328125,-0.056443870067596436,-0.06847694516181946,0.02998495101928711,0.295940101146698,0.4580519199371338,0.2685546875,0.009765625,0.1083984375,0.0
372,380928,0.11337890475988388,3.21875,-0.08679728209972382,-0.09678380936384201,0.026212122291326523,0.3119538426399231,0.8362401127815247,0.2646484375,0.0078125,0.0908203125,0.0
373,381952,0.10820312798023224,3.234375,-0.1137348935008049,-0.12139709293842316,0.02148018404841423,0.30778977274894714,0.49253496527671814,0.2568359375,0.0107421875,0.095703125,0.0
374,382976,0.11650390923023224,2.953125,-0.042288970202207565,-0.05654304474592209,0.03470028564333916,0.3096070885658264,0.4481561779975891,0.275390625,0.0087890625,0.1015625,0.0
375,384000,0.11123046278953552,3.125,-0.12608887255191803,-0.13833965361118317,0.030562160536646843,0.3030299246311188,0.6648832559585571,0.2646484375,0.01171875,0.099609375,0.0
376,385024,0.11318359524011612,3.046875,-0.10397269576787949,-0.11585180461406708,0.030026443302631378,0.31341126561164856,0.5464768409729004,0.265625,0.0009765625,0.09765625,0.0
377,386048,0.115234375,2.984375,-0.09286802262067795,-0.10279380530118942,0.02579161711037159,0.29700222611427307,0.5740405321121216,0.271484375,0.0078125,0.0986328125,0.0
378,387072,0.11728515475988388,3.34375,-0.07852243632078171,-0.08891601860523224,0.02639513835310936,0.28039878606796265,0.4025682508945465,0.2724609375,0.0078125,0.0908203125,0.0
379,388096,0.11835937201976776,3.390625,-0.10066002607345581,-0.11447092145681381,0.03316478431224823,0.2771499752998352,0.7057283520698547,0.2783203125,0.0068359375,0.1005859375,0.0
380,389120,0.11708984524011612,3.25,-0.13934537768363953,-0.15285703539848328,0.032668255269527435,0.2822466492652893,0.6612139344215393,0.271484375,0.0146484375,0.0859375,0.0
381,390144,0.11865234375,3.015625,-0.11772110313177109,-0.130576491355896,0.03144332394003868,0.2866275906562805,0.5510703325271606,0.2822265625,0.00390625,0.1103515625,0.0
382,391168,0.11494140326976776,3.171875,-0.06429430842399597,-0.07394453138113022,0.025172725319862366,0.29361408948898315,1.1513372659683228,0.2685546875,0.01171875,0.0908203125,0.0
383,392192,0.12812501192092896,3.3125,-0.08528465032577515,-0.10138747096061707,0.03792604058980942,0.2860206365585327,0.7105281352996826,0.2958984375,0.0068359375,0.095703125,0.0
384,393216,0.11386717855930328,2.78125,-0.09041358530521393,-0.1028589978814125,0.03121749684214592,0.3163338005542755,1.03188157081604,0.271484375,0.009765625,0.1044921875,0.0
385,394240,0.11650390177965164,2.875,-0.06440180540084839,-0.07217354327440262,0.0215773768723011,0.3016946315765381,0.7126283645629883,0.2763671875,0.001953125,0.107421875,0.0
386,395264,0.11582031100988388,3.15625,-0.0376276820898056,-0.04912932962179184,0.028643496334552765,0.28201013803482056,0.6502755284309387,0.26953125,0.001953125,0.09375,0.0
387,396288,0.10878906399011612,3.09375,-0.1371311992406845,-0.14664766192436218,0.0248563252389431,0.29116958379745483,1.2790310382843018,0.2587890625,0.0126953125,0.0966796875,0.0
388,397312,0.12626951932907104,3.28125,-0.07255539298057556,-0.08465145528316498,0.030069682747125626,0.29387810826301575,0.5714288353919983,0.29296875,0.0048828125,0.0986328125,0.0
389,398336,0.1201171875,3.5625,-0.06842666119337082,-0.07801994681358337,0.024911751970648766,0.2862590551376343,0.2908605933189392,0.28515625,0.0078125,0.1083984375,0.0
390,399360,0.11933593451976776,3.875,-0.0844874158501625,-0.09501510858535767,0.027369696646928787,0.3157154321670532,1.0049306154251099,0.2744140625,0.0126953125,0.0830078125,0.0
391,400384,0.11376953125,3.6875,-0.07552891224622726,-0.0886346623301506,0.031680114567279816,0.2734311819076538,0.7662895917892456,0.263671875,0.0087890625,0.0859375,0.0
392,401408,0.11650390177965164,3.34375,-0.0779208317399025,-0.09039963036775589,0.03089485689997673,0.29686322808265686,0.589644193649292,0.2783203125,0.0078125,0.109375,0.0
393,402432,0.11904296278953552,3.21875,-0.08268275856971741,-0.09268698841333389,0.025594118982553482,0.27928248047828674,1.2367686033248901,0.2763671875,0.009765625,0.0908203125,0.0
394,403456,0.1220703125,3.484375,-0.06476247310638428,-0.07743512094020844,0.030577607452869415,0.2616157531738281,0.4943934381008148,0.2822265625,0.0068359375,0.091796875,0.0
395,404480,0.11357421427965164,2.8125,-0.09431815147399902,-0.1057983785867691,0.028841884806752205,0.2940710783004761,0.610607922077179,0.271484375,0.0087890625,0.1064453125,0.0
396,405504,0.11826172471046448,3.125,-0.058505117893218994,-0.0694955438375473,0.02784399688243866,0.2931572198867798,0.7569710612297058,0.27734375,0.0048828125,0.099609375,0.0
397,406528,0.1157226487994194,3.125,-0.04211430996656418,-0.05258050560951233,0.026879005134105682,0.2973306179046631,0.6082966923713684,0.275390625,0.0048828125,0.107421875,0.0
398,407552,0.11748046427965164,3.0,-0.12546375393867493,-0.1373119354248047,0.02918705716729164,0.2745347023010254,0.6146126389503479,0.279296875,0.0048828125,0.1083984375,0.0
399,408576,0.11748047173023224,3.0,-0.08906509727239609,-0.09747955203056335,0.022351808845996857,0.27614468336105347,0.37548404932022095,0.27734375,0.0029296875,0.1044921875,0.0
400,409600,0.11660156399011612,3.234375,-0.09206254780292511,-0.10215651243925095,0.025700971484184265,0.27565187215805054,0.5729696750640869,0.2734375,0.00390625,0.0986328125,0.0
401,410624,0.1171875,2.9375,-0.06925718486309052,-0.08395522832870483,0.034967754036188126,0.27858325839042664,0.5696343183517456,0.27734375,0.00390625,0.10546875,0.0
402,411648,0.12421874701976776,3.625,-0.027734538540244102,-0.040304385125637054,0.030868925154209137,0.2864615321159363,0.5386589169502258,0.2841796875,0.0029296875,0.087890625,0.0
403,412672,0.119140625,2.96875,-0.04930441081523895,-0.05889948830008507,0.024403490126132965,0.2606668472290039,0.4887447953224182,0.279296875,0.00390625,0.1005859375,0.0
404,413696,0.11982421576976776,2.921875,-0.10655378550291061,-0.11927367001771927,0.03095366060733795,0.2756946384906769,0.9421713948249817,0.283203125,0.0029296875,0.107421875,0.0
405,414720,0.12324218451976776,2.84375,-0.03850866109132767,-0.04997813701629639,0.028489813208580017,0.2775430679321289,0.5422606468200684,0.2900390625,0.0009765625,0.1083984375,0.0
406,415744,0.12412108480930328,3.4375,-0.08987265825271606,-0.10308487713336945,0.031998421996831894,0.27869904041290283,0.6542650461196899,0.2890625,0.0029296875,0.1005859375,0.0
407,416768,0.11923827975988388,3.265625,-0.07469446212053299,-0.08627201616764069,0.028600137680768967,0.27225154638290405,0.41244378685951233,0.2841796875,0.005859375,0.111328125,0.0
408,417792,0.10498046875,3.234375,-0.07755855470895767,-0.08722785860300064,0.025045733898878098,0.28535664081573486,0.5941616296768188,0.2509765625,0.0078125,0.0986328125,0.0
409,418816,0.11777342855930328,2.640625,-0.07377715408802032,-0.08376915752887726,0.025530032813549042,0.2773016691207886,0.34704646468162537,0.2802734375,0.0029296875,0.1103515625,0.0
410,419840,0.12177734076976776,3.15625,-0.08290431648492813,-0.09998226165771484,0.03969552367925644,0.27698206901550293,1.4419704675674438,0.28515625,0.0166015625,0.095703125,0.0
411,420864,0.11874999850988388,3.171875,-0.12270691245794296,-0.13765709102153778,0.03543476015329361,0.2767200171947479,0.8437426090240479,0.2802734375,0.0068359375,0.103515625,0.0
412,421888,0.11376953125,3.265625,-0.08622531592845917,-0.09881548583507538,0.030855899676680565,0.28377747535705566,0.6299692988395691,0.2626953125,0.005859375,0.0849609375,0.0
413,422912,0.10761718451976776,2.796875,-0.07185956835746765,-0.08506539463996887,0.03179100528359413,0.26896727085113525,0.8444278836250305,0.2587890625,0.0146484375,0.1015625,0.0
414,423936,0.11845702677965164,2.984375,-0.06458029896020889,-0.07359450310468674,0.023793920874595642,0.2882758677005768,0.47367456555366516,0.2763671875,0.005859375,0.095703125,0.0
415,424960,0.12167967855930328,3.34375,-0.056006044149398804,-0.06877046823501587,0.0308062843978405,0.2638721764087677,0.6168526411056519,0.283203125,0.009765625,0.0947265625,0.0
416,425984,0.11943358927965164,3.015625,-0.051876265555620193,-0.06339973956346512,0.028132490813732147,0.2542770504951477,0.41248899698257446,0.2841796875,0.00390625,0.111328125,0.0
417,427008,0.10615234076976776,2.9375,-0.10893495380878448,-0.12110499292612076,0.029969479888677597,0.2814701795578003,1.3321994543075562,0.2529296875,0.00390625,0.099609375,0.0
418,428032,0.11464843153953552,3.328125,-0.06868799775838852,-0.08346042037010193,0.03529969975352287,0.2877432703971863,1.2026174068450928,0.26953125,0.00390625,0.0986328125,0.0
419,429056,0.10693359375,3.203125,-0.1051860898733139,-0.1178121566772461,0.030823521316051483,0.27856940031051636,0.8601997494697571,0.2548828125,0.015625,0.0947265625,0.0
420,430080,0.11484374105930328,3.078125,-0.04718858748674393,-0.057369764894247055,0.02603798918426037,0.28378191590309143,0.5864178538322449,0.271484375,0.00390625,0.1025390625,0.0
421,431104,0.11708984524011612,3.484375,-0.05255372077226639,-0.06480559706687927,0.029632339254021645,0.2564292252063751,0.5616867542266846,0.2744140625,0.005859375,0.09765625,0.0
422,432128,0.11044920980930328,3.015625,-0.06843481957912445,-0.08041845262050629,0.02942245826125145,0.2727596163749695,0.7654661536216736,0.26171875,0.0048828125,0.099609375,0.0
423,433152,0.12050781399011612,2.75,-0.08319759368896484,-0.09306726604700089,0.02491183578968048,0.2586246728897095,0.5555756092071533,0.283203125,0.00390625,0.103515625,0.0
424,434176,0.12441405653953552,3.421875,-0.08502892404794693,-0.09792090952396393,0.03093511238694191,0.2575565576553345,0.8547712564468384,0.28515625,0.005859375,0.087890625,0.0
425,435200,0.11582031100988388,3.046875,-0.0733444094657898,-0.08377188444137573,0.026058850809931755,0.2601953148841858,0.5997149348258972,0.275390625,0.00390625,0.107421875,0.0
426,436224,0.12519530951976776,4.015625,-0.05599157512187958,-0.06822046637535095,0.029623262584209442,0.2582739591598511,0.5108565092086792,0.28125,0.005859375,0.07421875,0.0
427,437248,0.12138670682907104,3.546875,-0.05295255035161972,-0.06353943794965744,0.026629239320755005,0.27277302742004395,0.35296693444252014,0.283203125,0.0029296875,0.099609375,0.0
428,438272,0.12187500298023224,3.015625,-0.05006597191095352,-0.06171197444200516,0.02876736968755722,0.2737683057785034,0.9848427176475525,0.279296875,0.001953125,0.087890625,0.0
429,439296,0.11992187052965164,3.40625,-0.06633268296718597,-0.07813510298728943,0.02917587012052536,0.27855172753334045,0.38591793179512024,0.2783203125,0.0068359375,0.0927734375,0.0
430,440320,0.11220702528953552,3.015625,-0.09738308191299438,-0.10832390189170837,0.027473369613289833,0.2795870900154114,0.6132718920707703,0.2666015625,0.005859375,0.1025390625,0.0
431,441344,0.12421874701976776,3.140625,-0.07558358460664749,-0.08824977278709412,0.030882947146892548,0.2775287628173828,0.5886017680168152,0.291015625,0.0078125,0.1025390625,0.0
432,442368,0.11503905802965164,3.21875,-0.08047356456518173,-0.08946313709020615,0.023301394656300545,0.26611241698265076,0.5033891201019287,0.271484375,0.0078125,0.099609375,0.0
433,443392,0.12060546875,3.453125,-0.04205276444554329,-0.05257821083068848,0.026192065328359604,0.2570587694644928,0.416318416595459,0.28125,0.0048828125,0.09765625,0.0
434,444416,0.1181640625,3.59375,-0.03709312900900841,-0.047371357679367065,0.025720246136188507,0.25818949937820435,0.46048489212989807,0.2744140625,0.0048828125,0.0927734375,0.0
435,445440,0.11669921875,2.890625,-0.05407802388072014,-0.06655647605657578,0.030066538602113724,0.2554815411567688,0.5410399436950684,0.2744140625,0.001953125,0.1015625,0.0
436,446464,0.11601562798023224,2.9375,-0.08026205748319626,-0.08862023055553436,0.02210984006524086,0.2696745693683624,0.8526597619056702,0.2705078125,0.0048828125,0.09375,0.0
437,447488,0.12089844048023224,3.375,-0.05428552255034447,-0.06827416270971298,0.03315580263733864,0.2589258551597595,0.8951231241226196,0.28125,0.005859375,0.095703125,0.0
438,448512,0.12138672173023224,3.484375,-0.0836726501584053,-0.09282566606998444,0.023443467915058136,0.2568713426589966,0.45438262820243835,0.27734375,0.0068359375,0.0830078125,0.0
439,449536,0.11845702677965164,3.6875,-0.04544132202863693,-0.05663423240184784,0.027561256662011147,0.25877177715301514,0.3454779386520386,0.275390625,0.0048828125,0.09375,0.0
440,450560,0.1171875,3.40625,-0.10711506754159927,-0.1185700073838234,0.028322193771600723,0.27061527967453003,0.3831057548522949,0.2724609375,0.0068359375,0.091796875,0.0
441,451584,0.1171875,3.40625,-0.058736272156238556,-0.071052685379982,0.029919208958745003,0.26431888341903687,0.40764516592025757,0.279296875,0.005859375,0.109375,0.0
442,452608,0.11562499403953552,3.25,-0.06261865049600601,-0.07409931719303131,0.028375528752803802,0.27070969343185425,0.5356347560882568,0.2734375,0.00390625,0.103515625,0.0
443,453632,0.11894531548023224,3.140625,-0.06108842417597771,-0.07198160141706467,0.02686837501823902,0.2541009485721588,0.3367786109447479,0.279296875,0.00390625,0.1015625,0.0
444,454656,0.11679687350988388,3.296875,-0.07911964505910873,-0.08650416135787964,0.019825875759124756,0.25284242630004883,0.9487181901931763,0.275390625,0.005859375,0.1015625,0.0
445,455680,0.12421874701976776,3.421875,-0.05726947635412216,-0.07037042826414108,0.031200582161545753,0.24993400275707245,0.7611681818962097,0.283203125,0.005859375,0.083984375,0.0
446,456704,0.12363281100988388,3.296875,-0.08960328251123428,-0.10072796046733856,0.027387257665395737,0.25689518451690674,0.5218055248260498,0.2880859375,0.0048828125,0.099609375,0.0
447,457728,0.12031249701976776,3.5625,-0.04508046433329582,-0.055910173803567886,0.026523077860474586,0.24318277835845947,0.7086549401283264,0.271484375,0.001953125,0.076171875,0.0
448,458752,0.12001953274011612,4.109375,-0.07911743223667145,-0.09138676524162292,0.029661674052476883,0.25615018606185913,0.8329472541809082,0.2724609375,0.00390625,0.0791015625,0.0
449,459776,0.11591796576976776,3.109375,-0.06487288326025009,-0.0771038606762886,0.02960776910185814,0.25729072093963623,0.6391440033912659,0.275390625,0.0087890625,0.1044921875,0.0
450,460800,0.12421874701976776,3.296875,-0.08763719350099564,-0.10151173919439316,0.03292152285575867,0.2586212754249573,1.196019172668457,0.287109375,0.0078125,0.0927734375,0.0
451,461824,0.12099608778953552,3.75,-0.06236187368631363,-0.07334227859973907,0.026933014392852783,0.24861016869544983,0.5497099757194519,0.2763671875,0.00390625,0.083984375,0.0
452,462848,0.11679686605930328,3.328125,-0.016478916630148888,-0.025194205343723297,0.02214176207780838,0.23555922508239746,0.3973919749259949,0.2734375,0.00390625,0.09765625,0.0
453,463872,0.11865234375,3.140625,-0.05440445616841316,-0.063620924949646,0.023306483402848244,0.24367719888687134,0.49455323815345764,0.2802734375,0.0078125,0.103515625,0.0
454,464896,0.1162109375,2.984375,-0.08859511464834213,-0.09909267723560333,0.025786539539694786,0.2395707219839096,0.5676842331886292,0.2744140625,0.0029296875,0.103515625,0.0
455,465920,0.12724608182907104,3.265625,-0.052141524851322174,-0.0667242556810379,0.03411242365837097,0.24734793603420258,0.8183531165122986,0.2978515625,0.0078125,0.1044921875,0.0
456,466944,0.1123046875,2.96875,-0.06208721920847893,-0.07270557433366776,0.026716483756899834,0.27398890256881714,0.8781474828720093,0.2705078125,0.0048828125,0.1123046875,0.0
457,467968,0.11826170980930328,3.25,-0.0426982119679451,-0.05351950600743294,0.027107462286949158,0.27324378490448,0.6446434855461121,0.275390625,0.0068359375,0.09375,0.0
458,468992,0.11308594048023224,3.46875,-0.04539402201771736,-0.061341628432273865,0.03699471801519394,0.25497543811798096,0.7013340592384338,0.2666015625,0.0126953125,0.0947265625,0.0
459,470016,0.12021484971046448,3.453125,-0.04442509636282921,-0.0551927350461483,0.02646264247596264,0.24636851251125336,0.8229708075523376,0.279296875,0.0048828125,0.0947265625,0.0
460,471040,0.11582031100988388,2.875,-0.03034026175737381,-0.04236067831516266,0.029061967507004738,0.2510565519332886,0.460124135017395,0.2724609375,0.0009765625,0.1015625,0.0
461,472064,0.12187499552965164,3.265625,-0.06409049034118652,-0.07346794754266739,0.02360156923532486,0.24233269691467285,0.4236691892147064,0.2822265625,0.0048828125,0.09375,0.0
462,473088,0.1186523362994194,3.171875,-0.03375750780105591,-0.046435464173555374,0.03042343072593212,0.2533758282661438,0.45355433225631714,0.279296875,0.0029296875,0.103515625,0.0
463,474112,0.12470702826976776,2.875,-0.08465133607387543,-0.09860844910144806,0.03295890614390373,0.2522341012954712,1.1867057085037231,0.2900390625,0.01171875,0.095703125,0.0
464,475136,0.11406249552965164,2.984375,-0.042303670197725296,-0.053369730710983276,0.02725858986377716,0.25632330775260925,1.265942931175232,0.2666015625,0.0048828125,0.09375,0.0
465,476160,0.10468749701976776,2.859375,-0.06793046742677689,-0.07747592031955719,0.024656351655721664,0.278272420167923,0.9403623938560486,0.25,0.01171875,0.095703125,0.0
466,477184,0.10966797173023224,3.25,-0.05812365934252739,-0.06903041899204254,0.027342110872268677,0.2764294743537903,0.41191112995147705,0.259765625,0.0068359375,0.09765625,0.0
467,478208,0.12333984673023224,3.296875,-0.061935681849718094,-0.07564818859100342,0.03235788643360138,0.2466437816619873,0.4991177022457123,0.287109375,0.0029296875,0.099609375,0.0
468,479232,0.1225585862994194,3.625,-0.07710421830415726,-0.08556749671697617,0.021664530038833618,0.23689839243888855,0.6337933540344238,0.2802734375,0.009765625,0.0830078125,0.0
469,480256,0.11367187649011612,3.734375,-0.0505143366754055,-0.06026304140686989,0.02395111322402954,0.22268536686897278,0.5750220417976379,0.2626953125,0.0048828125,0.0859375,0.0
470,481280,0.1220703125,3.828125,-0.04085598140954971,-0.05344495177268982,0.029918942600488663,0.23704978823661804,0.5077657103538513,0.27734375,0.005859375,0.080078125,0.0
471,482304,0.119140625,3.125,-0.06540337949991226,-0.07662807404994965,0.02722897380590439,0.23897995054721832,0.39826205372810364,0.275390625,0.00390625,0.0908203125,0.0
472,483328,0.11582030355930328,3.34375,-0.04881405830383301,-0.05953081324696541,0.026557408273220062,0.2561948299407959,0.6994327902793884,0.2734375,0.00390625,0.1025390625,0.0
473,484352,0.11738280206918716,3.546875,-0.08519592881202698,-0.0953226238489151,0.025217629969120026,0.2482117861509323,1.0190871953964233,0.2744140625,0.0029296875,0.09765625,0.0
474,485376,0.12333983927965164,3.578125,-0.0676472932100296,-0.07889265567064285,0.02741224132478237,0.24607574939727783,1.0083239078521729,0.28515625,0.0087890625,0.091796875,0.0
475,486400,0.11650390923023224,3.609375,-0.1252060830593109,-0.13795733451843262,0.030174462124705315,0.23359771072864532,0.9473375082015991,0.26953125,0.0048828125,0.0888671875,0.0
476,487424,0.11757811903953552,3.453125,-0.04880549758672714,-0.05960462614893913,0.02658504992723465,0.249339759349823,0.43483301997184753,0.2744140625,0.0048828125,0.095703125,0.0
477,488448,0.11796874552965164,3.25,-0.04396689310669899,-0.054478567093610764,0.025994781404733658,0.24857200682163239,0.4782666563987732,0.2763671875,0.0029296875,0.099609375,0.0
478,489472,0.119140625,3.0625,-0.058259978890419006,-0.07189728319644928,0.032272711396217346,0.24990516901016235,0.6506326794624329,0.27734375,0.001953125,0.0966796875,0.0
479,490496,0.12050781399011612,3.28125,-0.03609524667263031,-0.04997268319129944,0.03257720172405243,0.24111658334732056,0.41633233428001404,0.27734375,0.001953125,0.08984375,0.0
480,491520,0.11777343600988388,3.1875,-0.0564662367105484,-0.06708484888076782,0.02622363716363907,0.24932053685188293,0.49308720231056213,0.2744140625,0.0029296875,0.095703125,0.0
481,492544,0.11259765177965164,3.625,-0.0771387368440628,-0.0898694396018982,0.030611423775553703,0.25750136375427246,0.7083249688148499,0.2578125,0.0048828125,0.0791015625,0.0
482,493568,0.12138672173023224,3.5,-0.06389591097831726,-0.07749420404434204,0.03220534324645996,0.25043824315071106,0.9641529321670532,0.2802734375,0.0078125,0.08984375,0.0
483,494592,0.11835937201976776,3.078125,-0.044558629393577576,-0.05575799569487572,0.027255957946181297,0.24286136031150818,0.5825639963150024,0.2822265625,0.0048828125,0.111328125,0.0
484,495616,0.12021484971046448,3.46875,-0.05652277171611786,-0.0688476413488388,0.029180601239204407,0.22654329240322113,0.3895329535007477,0.275390625,0.0029296875,0.0859375,0.0
485,496640,0.11904296278953552,3.21875,-0.05869678035378456,-0.07300010323524475,0.03338363394141197,0.2388494312763214,0.3716735243797302,0.275390625,0.0048828125,0.0908203125,0.0
486,497664,0.11884766072034836,3.96875,-0.06210425868630409,-0.07584314048290253,0.03193283453583717,0.22275350987911224,0.7387617230415344,0.2705078125,0.0078125,0.078125,0.0
487,498688,0.12246093153953552,3.5625,-0.028294669464230537,-0.042157985270023346,0.03246431052684784,0.2368839681148529,0.6349812746047974,0.2861328125,0.0048828125,0.1005859375,0.0
488,499712,0.13144531846046448,4.203125,-0.056100212037563324,-0.06915406882762909,0.030725445598363876,0.23088663816452026,0.8842909336090088,0.2978515625,0.0048828125,0.0849609375,0.0
489,500736,0.12587890028953552,3.34375,-0.03830331191420555,-0.04959506541490555,0.027346232905983925,0.23813608288764954,0.7193843126296997,0.296875,0.0029296875,0.111328125,0.0
490,501760,0.12070312350988388,3.40625,-0.07657331228256226,-0.085858553647995,0.02288251556456089,0.2156018167734146,0.7044454216957092,0.2783203125,0.0009765625,0.091796875,0.0
491,502784,0.12167967855930328,3.0,-0.04916416108608246,-0.06066909059882164,0.027655696496367455,0.2322920858860016,0.8496911525726318,0.28125,0.001953125,0.09375,0.0
492,503808,0.11591796576976776,3.15625,-0.020478539168834686,-0.032946668565273285,0.029648514464497566,0.2356126308441162,0.6022043824195862,0.267578125,0.0009765625,0.0888671875,0.0
493,504832,0.13046875596046448,3.25,-0.023913048207759857,-0.03653046116232872,0.029898211359977722,0.23316919803619385,0.29953497648239136,0.296875,0.0,0.08984375,0.0
494,505856,0.12167968600988388,3.203125,-0.05545561760663986,-0.06657473742961884,0.0270845890045166,0.24231764674186707,0.7651810646057129,0.283203125,0.00390625,0.09765625,0.0
495,506880,0.12734375894069672,3.484375,-0.06897634267807007,-0.07879799604415894,0.02427949383854866,0.2318088412284851,1.0706676244735718,0.294921875,0.00390625,0.0986328125,0.0
496,507904,0.11757811903953552,3.1875,-0.05605744943022728,-0.06915048509836197,0.031020166352391243,0.2417048215866089,1.0692075490951538,0.2763671875,0.0048828125,0.1005859375,0.0
497,508928,0.12216797471046448,3.921875,-0.1013585776090622,-0.11204167455434799,0.026375219225883484,0.25045090913772583,0.633892834186554,0.28125,0.0068359375,0.0888671875,0.0
498,509952,0.1220703125,3.25,-0.051496051251888275,-0.06296980381011963,0.027526739984750748,0.22896155714988708,0.6751800775527954,0.287109375,0.005859375,0.1044921875,0.0
499,510976,0.12509764730930328,3.609375,-0.08471859246492386,-0.0945630669593811,0.024081621319055557,0.21963348984718323,0.5946242809295654,0.283203125,0.0029296875,0.0810546875,0.0
500,512000,0.12558594346046448,4.15625,-0.036045294255018234,-0.046912625432014465,0.026102902367711067,0.21841174364089966,0.3250565230846405,0.2861328125,0.0048828125,0.0849609375,0.0
501,513024,0.11220702528953552,2.953125,-0.052395064383745193,-0.06592223048210144,0.03212612122297287,0.25358960032463074,0.8238921165466309,0.2646484375,0.005859375,0.09765625,0.0
502,514048,0.12255859375,3.40625,-0.06613998860120773,-0.07905733585357666,0.030588995665311813,0.23771534860134125,0.6739335060119629,0.2822265625,0.005859375,0.08984375,0.0
503,515072,0.12099608778953552,3.75,-0.0687631294131279,-0.08410263061523438,0.035229381173849106,0.22751888632774353,0.6980488896369934,0.27734375,0.0068359375,0.0849609375,0.0
504,516096,0.12382812798023224,3.921875,-0.12454438954591751,-0.13622123003005981,0.02792341820895672,0.22848713397979736,0.5854938626289368,0.283203125,0.009765625,0.083984375,0.0
505,517120,0.115234375,3.6875,-0.05626130476593971,-0.06760859489440918,0.027216974645853043,0.22611957788467407,0.3427679240703583,0.2666015625,0.0029296875,0.0888671875,0.0
506,518144,0.12558594346046448,3.0,-0.029105426743626595,-0.041920945048332214,0.03033367544412613,0.2351318895816803,0.45895156264305115,0.2900390625,0.0048828125,0.0947265625,0.0
507,519168,0.11845701932907104,3.65625,-0.022689837962388992,-0.03315932676196098,0.025786597281694412,0.24238094687461853,0.3810977041721344,0.271484375,0.0029296875,0.0849609375,0.0
508,520192,0.12363281846046448,3.046875,-0.02893800660967827,-0.04055297374725342,0.027797875925898552,0.22839725017547607,0.8877976536750793,0.287109375,0.0078125,0.095703125,0.0
509,521216,0.12373046576976776,3.5,-0.06374553591012955,-0.07319943606853485,0.023411143571138382,0.22516678273677826,0.4674240052700043,0.28515625,0.0029296875,0.0927734375,0.0
510,522240,0.11416015028953552,3.109375,-0.0507182739675045,-0.06479181349277496,0.032633788883686066,0.22433556616306305,0.6617347002029419,0.2685546875,0.005859375,0.09765625,0.0
511,523264,0.12773436307907104,3.65625,-0.033461105078458786,-0.04591485857963562,0.02914230339229107,0.21173982322216034,0.7932292222976685,0.29296875,0.00390625,0.091796875,0.0
512,524288,0.11904296278953552,4.125,-0.04435086250305176,-0.053557123988866806,0.022766010835766792,0.2176741361618042,0.35713014006614685,0.2734375,0.0048828125,0.0859375,0.0
513,525312,0.12343750149011612,3.9375,-0.04337925463914871,-0.056547775864601135,0.030871707946062088,0.2267332226037979,0.7970379590988159,0.2841796875,0.0029296875,0.091796875,0.0
514,526336,0.12333983927965164,3.640625,-0.05619583651423454,-0.06891438364982605,0.03011668287217617,0.23397956788539886,0.8646647930145264,0.28515625,0.0029296875,0.0947265625,0.0
515,527360,0.12060546875,2.90625,-0.028736069798469543,-0.039725661277770996,0.026594989001750946,0.23079022765159607,0.48350903391838074,0.28125,0.0048828125,0.09765625,0.0
516,528384,0.11669921875,3.53125,-0.056319594383239746,-0.06967833638191223,0.031506236642599106,0.23943787813186646,0.9409776329994202,0.271484375,0.0068359375,0.091796875,0.0
517,529408,0.12451171875,3.546875,-0.039182715117931366,-0.051370467990636826,0.029131978750228882,0.23782381415367126,0.578532874584198,0.29296875,0.0068359375,0.1064453125,0.0
518,530432,0.11826171725988388,2.984375,-0.043468013405799866,-0.05372770503163338,0.0253240168094635,0.24023182690143585,0.7342032790184021,0.275390625,0.0029296875,0.095703125,0.0
519,531456,0.1201171875,3.59375,-0.026948057115077972,-0.03747619315981865,0.02534003183245659,0.21418802440166473,0.5180405378341675,0.275390625,0.00390625,0.0859375,0.0
520,532480,0.12246093153953552,3.234375,-0.053371597081422806,-0.06391368806362152,0.025665095075964928,0.22904564440250397,0.2937033772468567,0.2841796875,0.0029296875,0.0966796875,0.0
521,533504,0.11445312201976776,3.0,-0.0944666713476181,-0.10663957893848419,0.02890748716890812,0.22808367013931274,1.1629652976989746,0.2705078125,0.0029296875,0.1025390625,0.0
522,534528,0.12197265028953552,3.109375,-0.044974666088819504,-0.05813390389084816,0.030959194526076317,0.23203611373901367,0.922767698764801,0.28515625,0.0009765625,0.1025390625,0.0
523,535552,0.11748046427965164,3.015625,-0.09185387939214706,-0.10494223237037659,0.030752696096897125,0.2287989854812622,0.8469294309616089,0.2763671875,0.005859375,0.1005859375,0.0
524,536576,0.115234375,3.15625,-0.0813010185956955,-0.0896272361278534,0.021131645888090134,0.22396087646484375,0.5372209548950195,0.265625,0.001953125,0.0869140625,0.0
525,537600,0.1230468675494194,3.046875,-0.046535901725292206,-0.06168529763817787,0.03478614240884781,0.22436755895614624,0.5371610522270203,0.2822265625,0.0048828125,0.087890625,0.0
526,538624,0.11874999850988388,3.875,-0.036821018904447556,-0.04931365326046944,0.029336053878068924,0.21753960847854614,0.7226371765136719,0.2705078125,0.0068359375,0.0791015625,0.0
527,539648,0.12441406399011612,3.59375,-0.07094816863536835,-0.08299480378627777,0.028407510370016098,0.215712308883667,0.5718930959701538,0.2841796875,0.0048828125,0.0859375,0.0
528,540672,0.11943358927965164,3.140625,-0.06657583266496658,-0.07725746929645538,0.025908377021551132,0.22725503146648407,0.48524561524391174,0.275390625,0.0048828125,0.0888671875,0.0
529,541696,0.119140625,3.234375,-0.0843149870634079,-0.09520168602466583,0.026248689740896225,0.2237650454044342,0.9427537322044373,0.27734375,0.005859375,0.0947265625,0.0
530,542720,0.12158203125,3.296875,-0.03557697683572769,-0.04608657583594322,0.02527778595685959,0.21292929351329803,0.5486153364181519,0.2822265625,0.00390625,0.095703125,0.0
531,543744,0.123046875,3.453125,-0.05958985537290573,-0.06904424726963043,0.023242466151714325,0.216684028506279,0.40048301219940186,0.2822265625,0.0009765625,0.08984375,0.0
532,544768,0.12187499552965164,3.65625,-0.06891144067049026,-0.07801090180873871,0.022335059940814972,0.20680634677410126,0.5737900733947754,0.28125,0.0078125,0.08984375,0.0
533,545792,0.11298827826976776,3.296875,-0.07966630905866623,-0.09053020179271698,0.02631659060716629,0.2294401079416275,1.0983004570007324,0.2666015625,0.001953125,0.1005859375,0.0
534,546816,0.13115233182907104,3.703125,-0.037423036992549896,-0.049357954412698746,0.02836737409234047,0.22487716376781464,0.4554100036621094,0.2958984375,0.001953125,0.0830078125,0.0
535,547840,0.11904296278953552,3.34375,-0.04192885756492615,-0.05154203251004219,0.02350795641541481,0.21408051252365112,0.427888959646225,0.2744140625,0.001953125,0.08984375,0.0
536,548864,0.11406249552965164,3.796875,-0.02687363140285015,-0.03715931996703148,0.02489662356674671,0.21626225113868713,0.6938612461090088,0.26171875,0.005859375,0.0810546875,0.0
537,549888,0.12128905951976776,3.140625,-0.05043316259980202,-0.060693152248859406,0.024952534586191177,0.22162774205207825,0.34349945187568665,0.28125,0.001953125,0.095703125,0.0
538,550912,0.11484375596046448,3.4375,-0.0341104231774807,-0.044584713876247406,0.02517036907374859,0.21108946204185486,0.5105633735656738,0.2666015625,0.0029296875,0.0908203125,0.0
539,551936,0.11953124403953552,3.578125,-0.04506563022732735,-0.05571218952536583,0.02582733705639839,0.2267112284898758,0.3670610189437866,0.27734375,0.001953125,0.0947265625,0.0
540,552960,0.11748045682907104,4.03125,-0.027904091402888298,-0.038911789655685425,0.026254020631313324,0.21193119883537292,0.38558584451675415,0.26953125,0.0048828125,0.083984375,0.0
541,553984,0.12519530951976776,3.84375,-0.056919269263744354,-0.07092245668172836,0.032293081283569336,0.2143351435661316,0.5143425464630127,0.2890625,0.01171875,0.0908203125,0.0
542,555008,0.11660155653953552,3.328125,-0.0439659059047699,-0.05387195199728012,0.02413436584174633,0.21611371636390686,0.4068271219730377,0.2705078125,0.0087890625,0.0888671875,0.0
543,556032,0.11748046427965164,3.390625,-0.08035790920257568,-0.0911741778254509,0.025921905413269997,0.21446847915649414,0.6735649704933167,0.26953125,0.0009765625,0.0859375,0.0
544,557056,0.11806640774011612,3.203125,-0.02025541476905346,-0.03100452944636345,0.025656620040535927,0.2079193890094757,0.710646390914917,0.2734375,0.0029296875,0.091796875,0.0
545,558080,0.12138671427965164,3.546875,-0.04720357805490494,-0.05784072354435921,0.025668848305940628,0.21972811222076416,0.4466031491756439,0.2783203125,0.00390625,0.0869140625,0.0
546,559104,0.11533202975988388,2.734375,-0.06213734298944473,-0.07252374291419983,0.02512921392917633,0.21782054007053375,0.49023452401161194,0.275390625,0.0048828125,0.109375,0.0
547,560128,0.11953124403953552,3.234375,-0.04825292527675629,-0.05788765847682953,0.02365296334028244,0.21917477250099182,0.6554582118988037,0.275390625,0.00390625,0.0888671875,0.0
548,561152,0.12031249701976776,3.0625,-0.04385809227824211,-0.055919349193573,0.028391443192958832,0.21344630420207977,1.168365716934204,0.27734375,0.001953125,0.0908203125,0.0
549,562176,0.12080077826976776,3.3125,-0.03628687560558319,-0.04867919161915779,0.0287947878241539,0.20050787925720215,0.4258713722229004,0.2763671875,0.00390625,0.0849609375,0.0
550,563200,0.1220703125,3.828125,-0.0716736912727356,-0.08371143043041229,0.02820829302072525,0.20664048194885254,0.7834201455116272,0.2802734375,0.0068359375,0.0869140625,0.0
551,564224,0.12783202528953552,3.484375,-0.060955554246902466,-0.0788341760635376,0.03963136672973633,0.19370609521865845,0.754036545753479,0.296875,0.0087890625,0.0986328125,0.0
552,565248,0.11582031100988388,3.515625,-0.035617269575595856,-0.0461822971701622,0.02532828226685524,0.20991098880767822,0.403954416513443,0.2685546875,0.0029296875,0.0908203125,0.0
553,566272,0.11923827230930328,3.265625,-0.06314555555582047,-0.07328560203313828,0.024439429864287376,0.20796674489974976,0.7514376640319824,0.2802734375,0.005859375,0.1015625,0.0
554,567296,0.1201171875,3.359375,-0.02895219810307026,-0.039949044585227966,0.026255687698721886,0.213099867105484,0.8436889052391052,0.27734375,0.0,0.0927734375,0.0
555,568320,0.12050780653953552,3.3125,-0.04400092363357544,-0.05567600578069687,0.02754523977637291,0.20975397527217865,0.41444554924964905,0.2763671875,0.0029296875,0.0869140625,0.0
556,569344,0.12646484375,3.203125,-0.051769256591796875,-0.06547108292579651,0.031129905954003334,0.18631254136562347,0.4514242708683014,0.2939453125,0.00390625,0.1005859375,0.0
557,570368,0.11982421576976776,3.546875,-0.04441062733530998,-0.05510883778333664,0.02538752183318138,0.1995551586151123,0.4774664342403412,0.2744140625,0.001953125,0.0859375,0.0
558,571392,0.11650390923023224,3.9375,-0.06732355058193207,-0.07612242549657822,0.021600380539894104,0.20013149082660675,0.38840073347091675,0.265625,0.0068359375,0.078125,0.0
559,572416,0.12412109225988388,3.5625,-0.03201880678534508,-0.0443819984793663,0.028827141970396042,0.20503810048103333,0.38319575786590576,0.283203125,0.0029296875,0.0859375,0.0
560,573440,0.11865234375,3.375,-0.05341506376862526,-0.06342050433158875,0.024306882172822952,0.21480002999305725,0.3970359265804291,0.2734375,0.0048828125,0.087890625,0.0
561,574464,0.12119139730930328,3.21875,-0.03983008489012718,-0.05416145175695419,0.032886721193790436,0.21119925379753113,0.4854358434677124,0.2822265625,0.001953125,0.0986328125,0.0
562,575488,0.1196288987994194,3.21875,-0.05985124781727791,-0.06944921612739563,0.023513920605182648,0.21589937806129456,0.593480110168457,0.2783203125,0.001953125,0.0966796875,0.0
563,576512,0.11708984524011612,3.828125,-0.05461079999804497,-0.06501010805368423,0.025105923414230347,0.21536549925804138,1.0068297386169434,0.26953125,0.0029296875,0.0869140625,0.0
564,577536,0.11855468899011612,3.140625,-0.08159767836332321,-0.09274719655513763,0.026747412979602814,0.2224186360836029,0.5546643137931824,0.279296875,0.005859375,0.1025390625,0.0
565,578560,0.12714843451976776,4.03125,-0.034871771931648254,-0.04900255426764488,0.03236837312579155,0.205340176820755,0.6626302599906921,0.291015625,0.001953125,0.0908203125,0.0
566,579584,0.119140625,3.328125,-0.05614567548036575,-0.06786611676216125,0.027495834976434708,0.2027474194765091,0.5040889978408813,0.27734375,0.001953125,0.0966796875,0.0
567,580608,0.12353515625,3.734375,-0.06478508561849594,-0.07666163891553879,0.02792368270456791,0.20852917432785034,0.33384284377098083,0.283203125,0.0029296875,0.0888671875,0.0
568,581632,0.12314453721046448,3.921875,-0.0643940195441246,-0.07838567346334457,0.031814754009246826,0.1915721297264099,0.9220789074897766,0.2822265625,0.001953125,0.0888671875,0.0
569,582656,0.12773436307907104,3.953125,-0.03751511499285698,-0.05482371151447296,0.03899116814136505,0.21869893372058868,0.7566887140274048,0.2890625,0.001953125,0.0830078125,0.0
570,583680,0.11923827975988388,3.296875,-0.0681077316403389,-0.08313233405351639,0.03434841334819794,0.2149604856967926,0.8643822073936462,0.2763671875,0.00390625,0.0927734375,0.0
571,584704,0.11484375596046448,3.515625,-0.01934412680566311,-0.032591626048088074,0.030696971341967583,0.2100987434387207,0.6216234564781189,0.2646484375,0.0029296875,0.0859375,0.0
572,585728,0.119140625,3.390625,-0.026432042941451073,-0.03668114170432091,0.024633212015032768,0.206750750541687,0.4761146903038025,0.2724609375,0.0009765625,0.0849609375,0.0
573,586752,0.12753905355930328,3.265625,-0.02959459275007248,-0.043456338346004486,0.031623855233192444,0.19501811265945435,0.49629655480384827,0.294921875,0.001953125,0.0986328125,0.0
574,587776,0.12421874701976776,3.328125,-0.018076645210385323,-0.03102429211139679,0.029787154868245125,0.19459304213523865,0.7535526156425476,0.28515625,0.001953125,0.0908203125,0.0
575,588800,0.12392577528953552,3.375,-0.028209004551172256,-0.04157334938645363,0.03096703067421913,0.21191701292991638,0.6964911818504333,0.28515625,0.0009765625,0.0927734375,0.0
576,589824,0.12470702826976776,3.28125,-0.06180277839303017,-0.07560324668884277,0.0315692238509655,0.1984144151210785,1.0410329103469849,0.287109375,0.0107421875,0.0888671875,0.0
577,590848,0.1279296875,4.1875,-0.05460319295525551,-0.06494693458080292,0.02477068081498146,0.2041597217321396,0.42761924862861633,0.2880859375,0.0029296875,0.0791015625,0.0
578,591872,0.12031249701976776,3.671875,-0.04004347324371338,-0.0517602264881134,0.027202483266592026,0.1884491741657257,0.7347676753997803,0.2783203125,0.0009765625,0.09375,0.0
579,592896,0.12392577528953552,3.109375,-0.0527084581553936,-0.06681574881076813,0.03238212317228317,0.2083769291639328,0.5754604339599609,0.2890625,0.0029296875,0.1015625,0.0
580,593920,0.12031249701976776,3.328125,-0.024482503533363342,-0.03571620583534241,0.026809867471456528,0.21712306141853333,0.6052052974700928,0.2802734375,0.0029296875,0.09765625,0.0
581,594944,0.11855468153953552,3.46875,-0.05106690898537636,-0.06406944990158081,0.03003770485520363,0.20163080096244812,0.3586403429508209,0.2734375,0.00390625,0.0888671875,0.0
582,595968,0.12080077826976776,3.890625,-0.05094888433814049,-0.06124168634414673,0.02438463270664215,0.18995153903961182,0.5940298438072205,0.2763671875,0.001953125,0.0859375,0.0
583,596992,0.12373046576976776,3.609375,-0.03596639260649681,-0.04972201958298683,0.031370148062705994,0.19294482469558716,0.745163083076477,0.2861328125,0.00390625,0.0947265625,0.0
584,598016,0.123046875,3.640625,-0.037609051913022995,-0.052454669028520584,0.033631518483161926,0.1970142424106598,0.6351229548454285,0.279296875,0.001953125,0.08203125,0.0
585,599040,0.11972655355930328,3.234375,-0.03486247733235359,-0.044092364609241486,0.02232326753437519,0.19317439198493958,0.3241616487503052,0.2744140625,0.0009765625,0.0869140625,0.0
586,600064,0.11601562052965164,3.171875,-0.03554397076368332,-0.04526398330926895,0.023455293849110603,0.20076343417167664,0.876238226890564,0.267578125,0.001953125,0.087890625,0.0
587,601088,0.1235351413488388,3.703125,-0.05048453435301781,-0.06034078449010849,0.023530079051852226,0.19087909162044525,0.5724525451660156,0.2802734375,0.001953125,0.08203125,0.0
588,602112,0.12343750149011612,3.828125,-0.03832215443253517,-0.048792026937007904,0.025084108114242554,0.20721808075904846,0.49692171812057495,0.2802734375,0.0029296875,0.08203125,0.0
589,603136,0.11328125,3.546875,-0.041636981070041656,-0.049567367881536484,0.020067676901817322,0.21034511923789978,1.1353237628936768,0.2646484375,0.0048828125,0.0927734375,0.0
590,604160,0.11982421576976776,3.390625,-0.01511915773153305,-0.02789159305393696,0.029279951006174088,0.1867539882659912,0.35455331206321716,0.2763671875,0.001953125,0.0908203125,0.0
591,605184,0.12333983927965164,3.65625,-0.021488294005393982,-0.030886974185705185,0.02253633365035057,0.18694864213466644,0.6390279531478882,0.2822265625,0.0,0.0888671875,0.0
592,606208,0.12128905951976776,3.078125,-0.058514658361673355,-0.07153841853141785,0.030116140842437744,0.2034311145544052,0.6548368334770203,0.28515625,0.00390625,0.1044921875,0.0
593,607232,0.12548828125,3.421875,-0.05298483371734619,-0.06434474885463715,0.02664540335536003,0.19627876579761505,1.304636001586914,0.291015625,0.0068359375,0.0966796875,0.0
594,608256,0.12763671576976776,3.453125,-0.040068935602903366,-0.05419960990548134,0.0323040708899498,0.20213612914085388,0.6837902069091797,0.29296875,0.0029296875,0.0927734375,0.0
595,609280,0.12001952528953552,3.171875,-0.04486614838242531,-0.05810893326997757,0.030773749575018883,0.21440920233726501,0.4674418568611145,0.279296875,0.0009765625,0.09765625,0.0
596,610304,0.12187499552965164,3.53125,-0.08703066408634186,-0.09787887334823608,0.025931376963853836,0.21174797415733337,1.4463188648223877,0.28125,0.00390625,0.091796875,0.0
597,611328,0.11933593451976776,3.421875,-0.04676587134599686,-0.05723627656698227,0.025162801146507263,0.21109947562217712,0.6291692852973938,0.2783203125,0.0009765625,0.0986328125,0.0
598,612352,0.11962890625,3.265625,-0.026196837425231934,-0.03718932718038559,0.026018306612968445,0.20166641473770142,0.9509657621383667,0.28125,0.0107421875,0.099609375,0.0
599,613376,0.1142578125,3.078125,-0.02652542106807232,-0.03808509185910225,0.02729649655520916,0.20885778963565826,0.7671639919281006,0.265625,0.001953125,0.091796875,0.0
600,614400,0.1181640550494194,3.484375,-0.01752876117825508,-0.03191237896680832,0.03237392008304596,0.180334210395813,0.5036755204200745,0.2705078125,0.0009765625,0.0849609375,0.0
601,615424,0.12558594346046448,4.078125,0.001569566666148603,-0.011189406737685204,0.029332254081964493,0.19071537256240845,0.7214975357055664,0.2841796875,0.0029296875,0.0810546875,0.0
602,616448,0.12109375,3.609375,-0.016892515122890472,-0.02988208830356598,0.029859505593776703,0.1940179318189621,0.518451452255249,0.283203125,0.0,0.1025390625,0.0
603,617472,0.12080077826976776,3.296875,-0.03587188944220543,-0.04835864156484604,0.029279734939336777,0.21531179547309875,0.3706652820110321,0.28125,0.0009765625,0.0986328125,0.0
604,618496,0.1201171875,3.0,-0.05464918538928032,-0.06771399080753326,0.03022128716111183,0.204583540558815,0.5420635938644409,0.28125,0.00390625,0.1005859375,0.0
605,619520,0.12246094644069672,3.265625,-0.07027532905340195,-0.08378815650939941,0.031196942552924156,0.20856375992298126,0.736796498298645,0.283203125,0.001953125,0.0947265625,0.0
606,620544,0.11601561307907104,3.53125,-0.05274217575788498,-0.06542373448610306,0.029524778947234154,0.20808333158493042,0.8334804773330688,0.265625,0.00390625,0.08203125,0.0
607,621568,0.11552734673023224,3.265625,-0.03682251647114754,-0.04495400935411453,0.020328830927610397,0.20329251885414124,0.3167062997817993,0.26953125,0.0029296875,0.0947265625,0.0
608,622592,0.11894531548023224,3.859375,-0.03368628770112991,-0.048246800899505615,0.03317412734031677,0.20265492796897888,0.48166564106941223,0.271484375,0.0,0.083984375,0.0
609,623616,0.11953124403953552,3.1875,-0.04644789174199104,-0.05712377652525902,0.025186266750097275,0.19172470271587372,0.7059260606765747,0.2763671875,0.0029296875,0.091796875,0.0
610,624640,0.11376953125,3.953125,-0.056820448487997055,-0.0659613087773323,0.022175153717398643,0.1946716606616974,0.9609668254852295,0.255859375,0.0029296875,0.0693359375,0.0
611,625664,0.11435547471046448,3.0625,-0.02241828665137291,-0.03194457292556763,0.02293521910905838,0.19413240253925323,0.3727980852127075,0.2646484375,0.001953125,0.0888671875,0.0
612,626688,0.12480468302965164,3.5,-0.04685531184077263,-0.061896421015262604,0.03397630527615547,0.19470424950122833,0.552750289440155,0.28515625,0.0,0.0888671875,0.0
613,627712,0.1142578125,3.0,-0.05151602253317833,-0.0637805312871933,0.02855493128299713,0.20129556953907013,0.5372714996337891,0.2734375,0.001953125,0.111328125,0.0
614,628736,0.12119140475988388,3.296875,-0.0387309193611145,-0.05006428062915802,0.026567205786705017,0.19502414762973785,0.5222094655036926,0.2763671875,0.00390625,0.0830078125,0.0
615,629760,0.12099608778953552,2.828125,-0.07647585868835449,-0.08662495017051697,0.024399003013968468,0.20504051446914673,0.7678535580635071,0.2822265625,0.00390625,0.0986328125,0.0
616,630784,0.12246093153953552,3.3125,-0.06964163482189178,-0.08200040459632874,0.028648577630519867,0.19655199348926544,0.7425891160964966,0.28125,0.00390625,0.0888671875,0.0
617,631808,0.12099608778953552,2.734375,-0.027466481551527977,-0.04030974581837654,0.0295074712485075,0.19104725122451782,0.6271958947181702,0.287109375,0.0009765625,0.1123046875,0.0
618,632832,0.13300780951976776,3.546875,-0.0607970766723156,-0.07577282190322876,0.033663757145404816,0.185613214969635,1.005005955696106,0.3017578125,0.0009765625,0.0888671875,0.0
619,633856,0.12373046576976776,3.5,-0.03842036798596382,-0.049940112978219986,0.02697128616273403,0.1965899020433426,0.7545196413993835,0.2861328125,0.001953125,0.095703125,0.0
620,634880,0.12109375,3.296875,-0.05736342817544937,-0.0694299191236496,0.02807030826807022,0.1968664973974228,1.173343300819397,0.2783203125,0.0009765625,0.08984375,0.0
621,635904,0.12275390326976776,3.484375,-0.042222678661346436,-0.057215020060539246,0.03380696475505829,0.1911141276359558,0.7767026424407959,0.28515625,0.0029296875,0.09765625,0.0
622,636928,0.1181640550494194,3.9375,-0.012654139660298824,-0.024693375453352928,0.028290817514061928,0.2106172889471054,0.35032734274864197,0.2685546875,0.0048828125,0.078125,0.0
623,637952,0.11542968451976776,3.296875,-0.01886345073580742,-0.031016916036605835,0.028411900624632835,0.20524853467941284,0.9920241832733154,0.2724609375,0.0029296875,0.1025390625,0.0
624,638976,0.12089844048023224,3.4375,-0.0288850124925375,-0.03772113844752312,0.021661950275301933,0.19948509335517883,0.7304068803787231,0.279296875,0.001953125,0.0927734375,0.0
625,640000,0.11308593302965164,3.421875,-0.0477333664894104,-0.05727698653936386,0.02314760349690914,0.20301827788352966,0.688717782497406,0.2626953125,0.0048828125,0.0888671875,0.0
626,641024,0.12314452230930328,3.8125,-0.04791158065199852,-0.05949435383081436,0.026886334642767906,0.18603943288326263,0.6791844964027405,0.283203125,0.0029296875,0.0908203125,0.0
627,642048,0.12226562201976776,3.046875,-0.037522561848163605,-0.048571161925792694,0.02590475231409073,0.1903775930404663,0.5829750299453735,0.283203125,0.001953125,0.095703125,0.0
628,643072,0.12285155802965164,3.546875,-0.06275427341461182,-0.07382210344076157,0.0256989486515522,0.17816393077373505,0.49453169107437134,0.2861328125,0.0029296875,0.099609375,0.0
629,644096,0.1210937425494194,3.28125,-0.04445360600948334,-0.05776010826230049,0.030237190425395966,0.18120943009853363,0.7546059489250183,0.2841796875,0.0009765625,0.1044921875,0.0
630,645120,0.13203124701976776,3.6875,-0.035137202590703964,-0.04640830308198929,0.02621033787727356,0.18340669572353363,1.159114122390747,0.302734375,0.001953125,0.095703125,0.0
631,646144,0.11962890625,3.390625,-0.02538944035768509,-0.041142433881759644,0.03546540439128876,0.19797083735466003,0.6919724345207214,0.2802734375,0.00390625,0.1005859375,0.0
632,647168,0.12636718153953552,3.75,-0.08605682849884033,-0.09802722930908203,0.02765163592994213,0.1855417788028717,0.6936995387077332,0.2900390625,0.0029296875,0.091796875,0.0
633,648192,0.1225585862994194,3.375,-0.01935344561934471,-0.030221592634916306,0.025373755022883415,0.18187305331230164,0.4146915078163147,0.2822265625,0.00390625,0.0908203125,0.0
634,649216,0.12333984673023224,3.4375,-0.08165919035673141,-0.09284335374832153,0.02620847523212433,0.19200752675533295,0.41097840666770935,0.2880859375,0.00390625,0.1015625,0.0
635,650240,0.119140625,3.34375,-0.03358117863535881,-0.0452091246843338,0.026796501129865646,0.17703059315681458,0.7572088241577148,0.2734375,0.001953125,0.0869140625,0.0
636,651264,0.11533202230930328,3.46875,-0.0318746455013752,-0.043032921850681305,0.026152517646551132,0.19179823994636536,0.4587158262729645,0.265625,0.0029296875,0.0859375,0.0
637,652288,0.1162109375,3.515625,-0.0265246219933033,-0.03668345510959625,0.023955825716257095,0.1819080263376236,0.5585020184516907,0.2685546875,0.0009765625,0.08984375,0.0
638,653312,0.12314452230930328,3.4375,-0.06638500094413757,-0.0772644653916359,0.025599446147680283,0.19202637672424316,0.6587968468666077,0.2802734375,0.00390625,0.0830078125,0.0
639,654336,0.13017576932907104,3.546875,-0.02522195316851139,-0.042181409895420074,0.03737878426909447,0.17299354076385498,1.0770632028579712,0.296875,0.0029296875,0.08984375,0.0
640,655360,0.12656250596046448,3.578125,-0.05354085937142372,-0.06465138494968414,0.025974402204155922,0.18766751885414124,0.6860143542289734,0.287109375,0.001953125,0.083984375,0.0
641,656384,0.12705078721046448,3.765625,-0.0289936326444149,-0.043795011937618256,0.03329898416996002,0.18481133878231049,0.7138494849205017,0.29296875,0.0048828125,0.0947265625,0.0
642,657408,0.1235351487994194,3.84375,-0.03040539100766182,-0.04209013655781746,0.02699117921292782,0.1810845583677292,0.6574729681015015,0.2822265625,0.001953125,0.0869140625,0.0
643,658432,0.11923827230930328,3.5625,-0.05187731981277466,-0.06515800207853317,0.030602388083934784,0.20205114781856537,1.1884411573410034,0.28125,0.0029296875,0.10546875,0.0
644,659456,0.12285155802965164,3.234375,-0.031695492565631866,-0.0423375740647316,0.025263436138629913,0.19896352291107178,0.4727260172367096,0.2822265625,0.0029296875,0.08984375,0.0
645,660480,0.12734374403953552,3.421875,-0.04160164296627045,-0.05396479368209839,0.02835637331008911,0.1815035492181778,0.743699312210083,0.2890625,0.00390625,0.083984375,0.0
646,661504,0.12685546278953552,3.765625,-0.020083796232938766,-0.033939093351364136,0.0312950536608696,0.17922300100326538,0.42347094416618347,0.2919921875,0.001953125,0.0947265625,0.0
647,662528,0.12109375,3.125,-0.02732730843126774,-0.03786012902855873,0.024635113775730133,0.17847371101379395,0.376385897397995,0.279296875,0.0,0.0927734375,0.0
648,663552,0.12021484225988388,3.46875,-0.06281691044569016,-0.07017534971237183,0.01832169108092785,0.18024086952209473,0.39194878935813904,0.275390625,0.0009765625,0.0869140625,0.0
649,664576,0.11650390177965164,3.546875,-0.04835175350308418,-0.06034047529101372,0.02736290916800499,0.16927297413349152,0.8803868889808655,0.26953125,0.0009765625,0.0908203125,0.0
650,665600,0.12441405653953552,3.234375,-0.040811069309711456,-0.051019057631492615,0.024096887558698654,0.1840457022190094,0.41218915581703186,0.28515625,0.0078125,0.0869140625,0.0
651,666624,0.11992187052965164,3.8125,-0.021390805020928383,-0.031656645238399506,0.024110598489642143,0.17894592881202698,0.834402322769165,0.26953125,0.001953125,0.0732421875,0.0
652,667648,0.12236327677965164,2.984375,-0.057413097470998764,-0.06799715757369995,0.024771206080913544,0.18015432357788086,0.47380757331848145,0.283203125,0.0029296875,0.0947265625,0.0
653,668672,0.12685546278953552,3.453125,-0.02812810242176056,-0.0382426455616951,0.023694057017564774,0.17324858903884888,0.40070319175720215,0.2890625,0.0009765625,0.087890625,0.0
654,669696,0.12958984076976776,3.78125,-0.048489101231098175,-0.059066589921712875,0.02496350184082985,0.19042623043060303,0.4525335133075714,0.2939453125,0.001953125,0.0859375,0.0
655,670720,0.12255859375,3.5625,-0.02468184195458889,-0.035334501415491104,0.024827342480421066,0.17610126733779907,0.37786567211151123,0.2822265625,0.001953125,0.091796875,0.0
656,671744,0.12714844942092896,3.484375,0.008778653107583523,-0.0028897731099277735,0.026930008083581924,0.17965778708457947,0.41475316882133484,0.2900390625,0.0029296875,0.087890625,0.0
657,672768,0.12382812798023224,4.0625,-0.04737148806452751,-0.058273255825042725,0.025272324681282043,0.17343951761722565,0.7146396636962891,0.2802734375,0.0009765625,0.0810546875,0.0
658,673792,0.12031249701976776,3.5625,-0.01402221154421568,-0.028656907379627228,0.03296144679188728,0.1846027672290802,0.4651568531990051,0.279296875,0.001953125,0.095703125,0.0
659,674816,0.12226562201976776,3.46875,-0.050187721848487854,-0.06074540317058563,0.024808919057250023,0.18467791378498077,0.5571160912513733,0.283203125,0.00390625,0.0947265625,0.0
660,675840,0.13212890923023224,3.640625,-0.020328542217612267,-0.034381505101919174,0.03195571526885033,0.19248944520950317,0.4597463309764862,0.2998046875,0.001953125,0.087890625,0.0
661,676864,0.11787109076976776,3.859375,-0.030467327684164047,-0.04070507735013962,0.02423514984548092,0.18798261880874634,0.3872825801372528,0.2705078125,0.001953125,0.0859375,0.0
662,677888,0.126953125,3.453125,-0.09074356406927109,-0.10279680043458939,0.027722815051674843,0.18081730604171753,0.48513564467430115,0.2890625,0.00390625,0.0859375,0.0
663,678912,0.115234375,3.71875,-0.04420376196503639,-0.053824152797460556,0.02296726405620575,0.18632401525974274,0.538308322429657,0.2646484375,0.0009765625,0.0849609375,0.0
664,679936,0.12246093153953552,3.75,-0.04188434034585953,-0.05504579469561577,0.03010042943060398,0.18887580931186676,0.6097146272659302,0.283203125,0.001953125,0.0947265625,0.0
665,680960,0.11728514730930328,3.125,-0.03650249168276787,-0.045709140598773956,0.02227318473160267,0.19299441576004028,0.7531066536903381,0.2744140625,0.001953125,0.0986328125,0.0
666,681984,0.12568359076976776,3.359375,-0.05137050524353981,-0.0659012496471405,0.032638706266880035,0.17886105179786682,1.0556190013885498,0.2880859375,0.0,0.091796875,0.0
667,683008,0.11796874552965164,3.28125,-0.039350904524326324,-0.050264570862054825,0.025543097406625748,0.18578839302062988,0.9432892203330994,0.275390625,0.001953125,0.09765625,0.0
668,684032,0.12539061903953552,3.59375,-0.016263550147414207,-0.027733642607927322,0.02663656510412693,0.18481896817684174,0.4932834208011627,0.2890625,0.0,0.095703125,0.0
669,685056,0.12412108480930328,3.734375,-0.021746091544628143,-0.03439633548259735,0.02903227135539055,0.18658927083015442,0.3427254557609558,0.28125,0.0029296875,0.0810546875,0.0
670,686080,0.10957030951976776,3.140625,-0.03291568160057068,-0.04321789741516113,0.024229830130934715,0.18126988410949707,0.8765115141868591,0.2587890625,0.0029296875,0.09765625,0.0
671,687104,0.11884765326976776,3.265625,-0.008358138613402843,-0.019738372415304184,0.0265544131398201,0.18969731032848358,0.49971404671669006,0.2724609375,0.001953125,0.0859375,0.0
672,688128,0.11865234375,3.328125,-0.03915952146053314,-0.05044826865196228,0.02643815241754055,0.19303292036056519,1.1899383068084717,0.275390625,0.0048828125,0.0927734375,0.0
673,689152,0.13046875596046448,3.265625,-0.013654638081789017,-0.0305037684738636,0.037538278847932816,0.19200089573860168,0.7331952452659607,0.2998046875,0.0029296875,0.095703125,0.0
674,690176,0.12246093899011612,3.203125,-0.051336564123630524,-0.061108533293008804,0.023254888132214546,0.18554723262786865,0.5856711268424988,0.2861328125,0.0009765625,0.1025390625,0.0
675,691200,0.1328125,3.703125,-0.005154869519174099,-0.01778731867671013,0.028837813064455986,0.17864574491977692,0.39836788177490234,0.302734375,0.001953125,0.091796875,0.0
676,692224,0.1245117112994194,4.0625,-0.06016816943883896,-0.07284140586853027,0.02910865657031536,0.18810909986495972,0.5168112516403198,0.2822265625,0.001953125,0.08203125,0.0
677,693248,0.12734374403953552,3.828125,-0.042508870363235474,-0.05683039873838425,0.031972676515579224,0.16648101806640625,0.43997347354888916,0.2900390625,0.0009765625,0.087890625,0.0
678,694272,0.12275390326976776,3.1875,-0.03570927307009697,-0.04878232628107071,0.029644029214978218,0.17489612102508545,0.44269999861717224,0.283203125,0.0009765625,0.09375,0.0
679,695296,0.11835937201976776,3.296875,-0.026876350864768028,-0.036554884165525436,0.022740285843610764,0.16916093230247498,0.4851616621017456,0.2734375,0.001953125,0.0908203125,0.0
680,696320,0.12666015326976776,3.921875,-0.004541851580142975,-0.01717349886894226,0.02866028994321823,0.16984978318214417,0.36749473214149475,0.2841796875,0.001953125,0.076171875,0.0
681,697344,0.11933593451976776,3.1875,-0.061207666993141174,-0.07342477887868881,0.02821790985763073,0.1891842484474182,0.7370458841323853,0.2763671875,0.0009765625,0.09375,0.0
682,698368,0.11728516221046448,3.390625,-0.05232691392302513,-0.06315729022026062,0.025515753775835037,0.1927499771118164,0.8109557628631592,0.2705078125,0.00390625,0.087890625,0.0
683,699392,0.12167968600988388,3.328125,-0.0443035326898098,-0.05691409483551979,0.029025660827755928,0.19022680819034576,0.8168129324913025,0.28125,0.00390625,0.0927734375,0.0
684,700416,0.12236328423023224,3.390625,-0.006655756384134293,-0.01811944879591465,0.026650656014680862,0.18616355955600739,0.6636389493942261,0.28515625,0.0048828125,0.0986328125,0.0
685,701440,0.11376953125,3.453125,-0.04563191905617714,-0.05899067968130112,0.0303791631013155,0.18308210372924805,0.37837204337120056,0.26171875,0.0029296875,0.083984375,0.0
686,702464,0.12294922024011612,3.75,-0.019483515992760658,-0.030883891507983208,0.026384279131889343,0.17917634546756744,0.5590737462043762,0.279296875,0.0029296875,0.08203125,0.0
687,703488,0.12773437798023224,3.703125,-0.014809356071054935,-0.028059061616659164,0.029786989092826843,0.16437888145446777,0.48675426840782166,0.2939453125,0.0009765625,0.095703125,0.0
688,704512,0.12968748807907104,3.671875,-0.030512649565935135,-0.0466594398021698,0.03565729409456253,0.16818571090698242,0.627571702003479,0.296875,0.001953125,0.0927734375,0.0
689,705536,0.11992187798023224,3.203125,-0.01611035130918026,-0.02800583839416504,0.02721969038248062,0.17143583297729492,0.6400834321975708,0.2783203125,0.0009765625,0.095703125,0.0
690,706560,0.1259765625,3.484375,-0.04176482930779457,-0.05324029177427292,0.026274794712662697,0.16619347035884857,0.6572125554084778,0.28515625,0.001953125,0.08203125,0.0
691,707584,0.12255859375,3.578125,-0.025875912979245186,-0.039101652801036835,0.029979055747389793,0.17637890577316284,0.7889454960823059,0.28515625,0.0009765625,0.099609375,0.0
692,708608,0.13232421875,4.21875,-0.028553815558552742,-0.042406197637319565,0.03096882626414299,0.16320309042930603,0.46904274821281433,0.298828125,0.0009765625,0.0849609375,0.0
693,709632,0.12451171875,3.5625,-0.043335556983947754,-0.053611692041158676,0.024061743170022964,0.17547392845153809,0.5448346138000488,0.283203125,0.0029296875,0.083984375,0.0
694,710656,0.12373046576976776,3.53125,-0.0571732260286808,-0.06876206398010254,0.026614317670464516,0.1718319058418274,0.48971831798553467,0.2841796875,0.005859375,0.0888671875,0.0
695,711680,0.12871092557907104,3.5625,-0.02052195370197296,-0.03540562838315964,0.03322131559252739,0.17269831895828247,0.41133031249046326,0.291015625,0.00390625,0.08203125,0.0
696,712704,0.12617187201976776,3.421875,-0.05006437003612518,-0.06375537812709808,0.030986901372671127,0.18024440109729767,0.4147048890590668,0.2880859375,0.0048828125,0.0869140625,0.0
697,713728,0.12109375,3.34375,-0.031159140169620514,-0.04017394781112671,0.02126116305589676,0.16157746315002441,0.4945153295993805,0.275390625,0.001953125,0.08203125,0.0
698,714752,0.11923827230930328,3.109375,-0.05483000725507736,-0.0673612505197525,0.028517737984657288,0.17276260256767273,0.6227314472198486,0.2734375,0.0009765625,0.0869140625,0.0
699,715776,0.1171875,3.53125,-0.047555722296237946,-0.056899458169937134,0.02224644646048546,0.1779489368200302,0.4924911558628082,0.2685546875,0.0029296875,0.083984375,0.0
700,716800,0.12070311605930328,3.390625,-0.020438723266124725,-0.027849260717630386,0.0181458480656147,0.16623865067958832,0.6084750890731812,0.2763671875,0.0009765625,0.0869140625,0.0
701,717824,0.12167967855930328,3.640625,-0.04828204587101936,-0.06033385917544365,0.0276237353682518,0.17600534856319427,0.5503063201904297,0.275390625,0.0,0.080078125,0.0
702,718848,0.12363281100988388,3.21875,-0.030021129176020622,-0.040286608040332794,0.02412852644920349,0.17987851798534393,0.4782784879207611,0.2861328125,0.0009765625,0.0966796875,0.0
703,719872,0.11777343600988388,3.65625,-0.01772730052471161,-0.029215095564723015,0.02626219391822815,0.16433016955852509,0.33805710077285767,0.26953125,0.001953125,0.083984375,0.0
704,720896,0.12070313096046448,2.96875,-0.0168771892786026,-0.02882852591574192,0.0272214412689209,0.16593843698501587,0.5216406583786011,0.2822265625,0.0029296875,0.1005859375,0.0
705,721920,0.1279296875,3.703125,-0.018656842410564423,-0.029561322182416916,0.025242462754249573,0.1716752052307129,0.3575764000415802,0.28515625,0.0,0.0732421875,0.0
706,722944,0.12841796875,4.015625,-0.049248646944761276,-0.0613684207201004,0.027508627623319626,0.1634543538093567,0.6743066310882568,0.2939453125,0.00390625,0.0908203125,0.0
707,723968,0.12373045831918716,4.0,-0.034131988883018494,-0.04723493009805679,0.02948208898305893,0.16381025314331055,0.6247007250785828,0.2841796875,0.00390625,0.08984375,0.0
708,724992,0.12548828125,4.0625,-0.04727848619222641,-0.059667348861694336,0.028077460825443268,0.1649867743253708,0.432289719581604,0.2822265625,0.00390625,0.076171875,0.0
709,726016,0.12802734971046448,4.515625,-0.036373406648635864,-0.0506320595741272,0.031868234276771545,0.16754628717899323,0.587468683719635,0.2880859375,0.001953125,0.0791015625,0.0
710,727040,0.12031249701976776,3.921875,-0.028004152700304985,-0.03932029753923416,0.025906475260853767,0.1637091338634491,0.27438512444496155,0.2763671875,0.0029296875,0.087890625,0.0
711,728064,0.13408203423023224,3.546875,0.0054042749106884,-0.006136292591691017,0.02633083052933216,0.1624847799539566,0.4548225700855255,0.3037109375,0.001953125,0.087890625,0.0
712,729088,0.12031249701976776,3.34375,-0.03230921924114227,-0.04462062567472458,0.02819540537893772,0.17862941324710846,0.6621156930923462,0.27734375,0.001953125,0.0908203125,0.0
713,730112,0.13417968153953552,4.078125,-0.049516137689352036,-0.06352533400058746,0.031438082456588745,0.17098432779312134,0.4965364634990692,0.2958984375,0.0029296875,0.0673828125,0.0
714,731136,0.12216795980930328,3.5625,-0.04331471771001816,-0.05458131432533264,0.026156622916460037,0.1811712235212326,1.0558958053588867,0.28515625,0.0009765625,0.1015625,0.0
715,732160,0.11533202230930328,3.703125,-0.028613310307264328,-0.04179072380065918,0.02958841808140278,0.16167953610420227,0.612831711769104,0.26953125,0.0009765625,0.0966796875,0.0
716,733184,0.11562500149011612,3.421875,-0.020798880606889725,-0.02893056720495224,0.019619593396782875,0.1678108274936676,0.6091476082801819,0.267578125,0.00390625,0.0888671875,0.0
717,734208,0.11904297024011612,3.75,-0.07394149154424667,-0.08362531661987305,0.0226549431681633,0.16436493396759033,0.7869844436645508,0.275390625,0.0029296875,0.091796875,0.0
718,735232,0.12285155802965164,3.8125,-0.03056780993938446,-0.044668614864349365,0.03198264166712761,0.1890515685081482,0.6351532936096191,0.28125,0.001953125,0.087890625,0.0
719,736256,0.12490234524011612,3.09375,-0.03632946312427521,-0.04731983318924904,0.025100771337747574,0.15600189566612244,0.4324154555797577,0.2939453125,0.00390625,0.1083984375,0.0
720,737280,0.12373046576976776,3.625,-0.013283283449709415,-0.024391040205955505,0.025368118658661842,0.15763027966022491,0.4121477007865906,0.2841796875,0.001953125,0.0908203125,0.0
721,738304,0.14042967557907104,3.515625,-0.025794772431254387,-0.040878042578697205,0.03337080031633377,0.16021302342414856,0.4338405728340149,0.3232421875,0.0029296875,0.1044921875,0.0
722,739328,0.13496093451976776,4.578125,-0.030053669586777687,-0.0412149615585804,0.02577516995370388,0.17262932658195496,0.4718431234359741,0.3017578125,0.0009765625,0.0791015625,0.0
723,740352,0.12041015177965164,3.609375,-0.022290309891104698,-0.03818069398403168,0.03500988334417343,0.16145575046539307,0.7559607028961182,0.2763671875,0.001953125,0.087890625,0.0
724,741376,0.12373046576976776,3.359375,-0.0362040139734745,-0.054650869220495224,0.040478870272636414,0.1792580485343933,0.7633206248283386,0.2880859375,0.001953125,0.1005859375,0.0
725,742400,0.12031249701976776,3.640625,-0.04626581817865372,-0.06135135143995285,0.03369927406311035,0.17641040682792664,0.7982722520828247,0.2802734375,0.0087890625,0.0947265625,0.0
726,743424,0.11318358778953552,2.78125,-0.05675232782959938,-0.06634116917848587,0.02256133034825325,0.16918233036994934,0.6432701945304871,0.2705078125,0.001953125,0.109375,0.0
727,744448,0.12167968600988388,3.65625,-0.06074915826320648,-0.07131515443325043,0.024578388780355453,0.1723201423883438,0.7788234353065491,0.28125,0.00390625,0.0927734375,0.0
728,745472,0.12363280355930328,3.59375,-0.021468691527843475,-0.0334995836019516,0.02718300372362137,0.156061053276062,0.9691071510314941,0.28125,0.001953125,0.083984375,0.0
729,746496,0.11992187798023224,3.65625,-0.02282913215458393,-0.036230798810720444,0.030277876183390617,0.17372722923755646,0.8377199769020081,0.2734375,0.001953125,0.0830078125,0.0
730,747520,0.12353515625,3.5625,-0.02046055719256401,-0.03476114198565483,0.031848255544900894,0.1623542308807373,0.8609867095947266,0.27734375,0.0009765625,0.0751953125,0.0
731,748544,0.11865234375,3.828125,-0.055092811584472656,-0.06818406283855438,0.029420075938105583,0.16187864542007446,0.6392901539802551,0.26953125,0.0029296875,0.0791015625,0.0
732,749568,0.12617185711860657,3.625,-0.03268422931432724,-0.04120996966958046,0.020275406539440155,0.1611962914466858,0.30273744463920593,0.2880859375,0.0009765625,0.0888671875,0.0
733,750592,0.12216796725988388,3.59375,-0.01509133167564869,-0.028261838480830193,0.02968893013894558,0.16739585995674133,0.6036404371261597,0.28125,0.0048828125,0.08984375,0.0
734,751616,0.12929686903953552,3.640625,-0.04456043243408203,-0.05869448184967041,0.031353726983070374,0.15428155660629272,1.3021763563156128,0.294921875,0.00390625,0.0888671875,0.0
735,752640,0.12392577528953552,3.640625,-0.018145112320780754,-0.03540821000933647,0.03790384531021118,0.16888253390789032,0.9296608567237854,0.283203125,0.0009765625,0.087890625,0.0
736,753664,0.11738280951976776,3.359375,-0.022229649126529694,-0.036481257528066635,0.03193650394678116,0.17166444659233093,0.9194223880767822,0.26953125,0.0,0.0869140625,0.0
737,754688,0.1279296875,3.5,-0.016684308648109436,-0.02847934141755104,0.026941590011119843,0.16757628321647644,0.5115483403205872,0.2939453125,0.0009765625,0.0947265625,0.0
738,755712,0.12705078721046448,3.625,-0.014461029320955276,-0.024132268503308296,0.02254362963140011,0.16005754470825195,0.5688035488128662,0.2919921875,0.0,0.0947265625,0.0
739,756736,0.11943358927965164,2.96875,-0.03561338037252426,-0.047497402876615524,0.027107466012239456,0.16697120666503906,0.47634151577949524,0.279296875,0.0048828125,0.0986328125,0.0
740,757760,0.12021484971046448,3.53125,-0.005038608331233263,-0.017944157123565674,0.02909509465098381,0.1641998589038849,0.5890001058578491,0.2734375,0.0009765625,0.08203125,0.0
741,758784,0.12558594346046448,3.46875,-0.027215026319026947,-0.03991815820336342,0.028552662581205368,0.15731993317604065,0.6035791635513306,0.2861328125,0.0029296875,0.0859375,0.0
742,759808,0.11630858480930328,3.625,0.017110085114836693,0.0052007390186190605,0.027384981513023376,0.17831464111804962,0.4133615791797638,0.2705078125,0.001953125,0.09375,0.0
743,760832,0.11582030355930328,2.953125,-0.03936257213354111,-0.05084614455699921,0.026374835520982742,0.1703842133283615,1.0283958911895752,0.2705078125,0.0029296875,0.095703125,0.0
744,761856,0.11845702677965164,3.234375,-0.018001308664679527,-0.028896048665046692,0.025465067476034164,0.18377935886383057,0.6978392004966736,0.2724609375,0.00390625,0.0869140625,0.0
745,762880,0.12343750149011612,3.546875,-0.04648682475090027,-0.056745417416095734,0.02403847500681877,0.1760648488998413,0.8160210847854614,0.283203125,0.001953125,0.08984375,0.0
746,763904,0.12470702826976776,3.203125,-0.018814925104379654,-0.029250049963593483,0.02400980517268181,0.15697768330574036,0.30975356698036194,0.2861328125,0.0,0.091796875,0.0
747,764928,0.11787109076976776,2.9375,-0.01508248969912529,-0.027352018281817436,0.027978193014860153,0.17195674777030945,0.4388023614883423,0.2744140625,0.0,0.0966796875,0.0
748,765952,0.12294921278953552,3.359375,-0.017534807324409485,-0.026453571394085884,0.02072502113878727,0.14437466859817505,0.4059979021549225,0.2822265625,0.0,0.0908203125,0.0
749,766976,0.12568359076976776,4.0625,-0.041060589253902435,-0.05400426313281059,0.029003839939832687,0.15582451224327087,0.43356820940971375,0.2841796875,0.0,0.08203125,0.0
750,768000,0.11660156399011612,3.328125,-0.03771495819091797,-0.047688573598861694,0.023091556504368782,0.15721605718135834,0.644128680229187,0.267578125,0.0,0.0859375,0.0
751,769024,0.11972655355930328,3.359375,-0.02769331820309162,-0.037240054458379745,0.022322937846183777,0.1614733338356018,0.3869820535182953,0.2763671875,0.0029296875,0.0908203125,0.0
752,770048,0.12490234524011612,3.671875,-0.041363783180713654,-0.05425446107983589,0.029088471084833145,0.16535604000091553,0.6792015433311462,0.283203125,0.0029296875,0.08203125,0.0
753,771072,0.11894530802965164,3.546875,-0.024903321638703346,-0.03371746465563774,0.021114353090524673,0.17430341243743896,0.4554893970489502,0.2744140625,0.0009765625,0.0908203125,0.0
754,772096,0.12412108480930328,3.28125,-0.05189543962478638,-0.06219373270869255,0.024087555706501007,0.17454849183559418,0.3572123944759369,0.2880859375,0.00390625,0.09765625,0.0
755,773120,0.12070312350988388,2.46875,-0.035094600170850754,-0.046127647161483765,0.025608345866203308,0.1771126091480255,0.5491827726364136,0.28515625,0.00390625,0.107421875,0.0
756,774144,0.12148437649011612,2.96875,-0.011883357539772987,-0.024358335882425308,0.02900608256459236,0.20280635356903076,1.0385792255401611,0.2802734375,0.0029296875,0.091796875,0.0
757,775168,0.12431640923023224,3.578125,-0.052601031959056854,-0.06655192375183105,0.03158029168844223,0.1839255541563034,1.0688084363937378,0.2880859375,0.00390625,0.0966796875,0.0
758,776192,0.1181640550494194,3.484375,-0.021503528580069542,-0.03577909246087074,0.032153934240341187,0.18014025688171387,0.4923957884311676,0.279296875,0.0078125,0.103515625,0.0
759,777216,0.12021484971046448,3.28125,-0.04224293678998947,-0.05372299253940582,0.026572173461318016,0.18060316145420074,0.8212686777114868,0.2841796875,0.005859375,0.1064453125,0.0
760,778240,0.12275390326976776,3.265625,-0.017313215881586075,-0.033614013344049454,0.03609735518693924,0.1747879534959793,0.6723509430885315,0.28515625,0.0009765625,0.0986328125,0.0
761,779264,0.11806640028953552,3.640625,0.01310229953378439,0.00023196637630462646,0.02899973839521408,0.16295358538627625,0.5356190800666809,0.26953125,0.0009765625,0.0830078125,0.0
762,780288,0.12080077826976776,3.453125,-0.0019339321879670024,-0.013502605259418488,0.026334824040532112,0.15987390279769897,0.445622980594635,0.2744140625,0.001953125,0.0810546875,0.0
763,781312,0.13066405057907104,3.84375,-0.006441489327698946,-0.01831204630434513,0.026721151545643806,0.14900189638137817,0.4922824501991272,0.2958984375,0.0009765625,0.0859375,0.0
764,782336,0.11865234375,3.34375,-0.028035681694746017,-0.03855225443840027,0.024326283484697342,0.1646568775177002,0.5162837505340576,0.271484375,0.0009765625,0.0849609375,0.0
765,783360,0.12519530951976776,4.1875,-0.06142082437872887,-0.07000492513179779,0.020495247095823288,0.16635246574878693,0.8319292664527893,0.28125,0.001953125,0.076171875,0.0
766,784384,0.1181640625,3.1875,-0.04998870566487312,-0.06321748346090317,0.029919052496552467,0.17307458817958832,1.0725111961364746,0.275390625,0.0,0.09765625,0.0
767,785408,0.11943358927965164,3.109375,-0.0016102869994938374,-0.013739628717303276,0.02771572954952717,0.1728523075580597,0.5680812001228333,0.2802734375,0.0,0.103515625,0.0
768,786432,0.11894530802965164,3.09375,-0.033645983785390854,-0.04331503063440323,0.02297137677669525,0.18166416883468628,0.4343926012516022,0.2724609375,0.0009765625,0.0859375,0.0
769,787456,0.11552734673023224,3.5,-0.05005060136318207,-0.06217966973781586,0.02743452414870262,0.15881943702697754,0.7190684676170349,0.265625,0.0029296875,0.0849609375,0.0
770,788480,0.11992187798023224,3.78125,-0.039988160133361816,-0.05352069437503815,0.030167873948812485,0.15514041483402252,0.8631023168563843,0.2763671875,0.0009765625,0.0908203125,0.0
771,789504,0.12031249701976776,3.578125,-0.03815388306975365,-0.053230565041303635,0.03345075994729996,0.16486972570419312,1.006967544555664,0.2744140625,0.0029296875,0.0830078125,0.0
772,790528,0.11728516221046448,2.984375,-0.036230601370334625,-0.04603205621242523,0.023070750758051872,0.17339208722114563,0.6102826595306396,0.26953125,0.0009765625,0.0869140625,0.0
773,791552,0.12314452230930328,3.484375,-0.03378709778189659,-0.04685347527265549,0.02919483557343483,0.153103768825531,0.6422045230865479,0.2841796875,0.001953125,0.09375,0.0
774,792576,0.13349609076976776,4.453125,-0.014212412759661674,-0.02662336267530918,0.027905113995075226,0.15416070818901062,0.5062088370323181,0.2998046875,0.001953125,0.0810546875,0.0
775,793600,0.11562499403953552,4.0625,-0.07132492959499359,-0.08392026275396347,0.028527049347758293,0.1668190062046051,0.8258088231086731,0.265625,0.00390625,0.083984375,0.0
776,794624,0.12480469048023224,3.0625,-0.02840135432779789,-0.0426969975233078,0.03187166899442673,0.1640191376209259,0.5666720867156982,0.29296875,0.001953125,0.107421875,0.0
777,795648,0.12666015326976776,3.90625,-0.015272585675120354,-0.026620348915457726,0.026061151176691055,0.16828128695487976,0.49738943576812744,0.2880859375,0.001953125,0.0859375,0.0
778,796672,0.12001952528953552,4.1875,-0.05003712698817253,-0.06300303339958191,0.029486291110515594,0.17772378027439117,0.9100889563560486,0.275390625,0.0068359375,0.0849609375,0.0
779,797696,0.12363281100988388,3.828125,-0.050826795399188995,-0.06152626872062683,0.024700840935111046,0.1650950014591217,0.9283518195152283,0.283203125,0.001953125,0.0888671875,0.0
780,798720,0.12441405653953552,3.859375,-0.028184588998556137,-0.039176344871520996,0.025353731587529182,0.16851094365119934,0.5085843205451965,0.283203125,0.0,0.0859375,0.0
781,799744,0.11865234375,3.640625,-0.004295612685382366,-0.01581154391169548,0.026143494993448257,0.15558165311813354,0.5161826014518738,0.2734375,0.0029296875,0.0888671875,0.0
782,800768,0.12890625,3.625,-0.05477133393287659,-0.06603150069713593,0.025561654940247536,0.1520659327507019,0.6065202951431274,0.296875,0.001953125,0.0966796875,0.0
783,801792,0.11865234375,3.875,-0.007357370108366013,-0.015332257375121117,0.019050084054470062,0.1550154685974121,0.44520124793052673,0.271484375,0.0048828125,0.0830078125,0.0
784,802816,0.1206054612994194,3.90625,-0.02320544421672821,-0.03470844402909279,0.026099275797605515,0.15466377139091492,0.600081205368042,0.275390625,0.0009765625,0.0849609375,0.0
785,803840,0.13193358480930328,4.234375,-0.030066799372434616,-0.04209788516163826,0.027312353253364563,0.16250905394554138,0.5589669346809387,0.2978515625,0.0,0.0849609375,0.0
786,804864,0.12119139730930328,3.71875,-0.040421050041913986,-0.051874756813049316,0.026207592338323593,0.16500909626483917,0.9680549502372742,0.283203125,0.0068359375,0.0986328125,0.0
787,805888,0.115234375,2.90625,-0.04429065063595772,-0.056356675922870636,0.02719363197684288,0.1530793011188507,0.5320293307304382,0.2744140625,0.0029296875,0.1083984375,0.0
788,806912,0.1328125,3.4375,-0.006628050003200769,-0.020507309585809708,0.030865496024489403,0.15534883737564087,0.4426845610141754,0.3017578125,0.0029296875,0.0888671875,0.0
789,807936,0.12978516519069672,3.96875,-0.04122132435441017,-0.05568140372633934,0.0323232039809227,0.17015233635902405,0.6813181638717651,0.294921875,0.0068359375,0.0849609375,0.0
790,808960,0.12412108480930328,3.453125,-0.052541907876729965,-0.06283201277256012,0.023676350712776184,0.1548069417476654,0.35130152106285095,0.2880859375,0.0,0.099609375,0.0
791,809984,0.12480469048023224,3.84375,-0.02531457506120205,-0.03690706565976143,0.026308590546250343,0.15618041157722473,0.71535724401474,0.28515625,0.0,0.0888671875,0.0
792,811008,0.12158203125,3.578125,-0.0008863272378221154,-0.013146402314305305,0.027715619653463364,0.15977348387241364,0.3357844054698944,0.2802734375,0.0,0.0927734375,0.0
793,812032,0.12236328423023224,3.484375,-0.006898765452206135,-0.020223038271069527,0.029595062136650085,0.1473258137702942,0.5612138509750366,0.279296875,0.0009765625,0.0859375,0.0
794,813056,0.11904296278953552,3.453125,-0.0026026235427707434,-0.014645325019955635,0.027159109711647034,0.15368534624576569,0.4156888425350189,0.27734375,0.0048828125,0.095703125,0.0
795,814080,0.12656250596046448,3.921875,-0.022221384570002556,-0.032748594880104065,0.02415960095822811,0.15525904297828674,0.4917050898075104,0.28515625,0.00390625,0.078125,0.0
796,815104,0.13027343153953552,4.109375,-0.0016325711039826274,-0.01639418676495552,0.03267483785748482,0.15758033096790314,0.32011815905570984,0.29296875,0.001953125,0.080078125,0.0
797,816128,0.11835937201976776,3.484375,-0.03522772341966629,-0.047384846955537796,0.02771293930709362,0.16993489861488342,0.5313753485679626,0.2744140625,0.0009765625,0.09375,0.0
798,817152,0.11904296278953552,3.46875,-0.008381087332963943,-0.016900181770324707,0.02007896639406681,0.1520388424396515,0.44218000769615173,0.2734375,0.0029296875,0.0869140625,0.0
799,818176,0.12519529461860657,3.65625,-0.02859579399228096,-0.039270609617233276,0.024587776511907578,0.16190722584724426,0.8071147799491882,0.2900390625,0.0068359375,0.095703125,0.0
800,819200,0.12080077826976776,3.484375,-0.0005165180191397667,-0.01250931341201067,0.02726941928267479,0.16419142484664917,0.3867432773113251,0.2802734375,0.001953125,0.095703125,0.0
801,820224,0.12470702826976776,3.734375,-0.005245337728410959,-0.017684511840343475,0.02789902128279209,0.1510336548089981,0.3232094347476959,0.28125,0.0009765625,0.0791015625,0.0
802,821248,0.12216796725988388,4.0,-0.010737942531704903,-0.021411873400211334,0.02458186075091362,0.16169996559619904,0.496765673160553,0.279296875,0.0009765625,0.0869140625,0.0
803,822272,0.12646484375,4.5,-0.000508661731146276,-0.011626498773694038,0.02530261129140854,0.15334686636924744,0.4756067991256714,0.2822265625,0.001953125,0.072265625,0.0
804,823296,0.12158203125,3.90625,-0.030734948813915253,-0.04042446240782738,0.0225434098392725,0.15821900963783264,0.5757191181182861,0.27734375,0.0029296875,0.083984375,0.0
805,824320,0.12558594346046448,3.578125,-0.025251248851418495,-0.038532935082912445,0.02969997003674507,0.15682995319366455,0.6734189987182617,0.291015625,0.0,0.099609375,0.0
806,825344,0.12060546875,3.5625,-0.027115536853671074,-0.039148423820734024,0.027486205101013184,0.17102162539958954,0.7694187760353088,0.2724609375,0.00390625,0.076171875,0.0
807,826368,0.1191406175494194,3.75,-0.031331002712249756,-0.04334114491939545,0.027479873970150948,0.17297950387001038,0.4738517999649048,0.2744140625,0.0009765625,0.08984375,0.0
808,827392,0.12099608778953552,3.09375,-0.06702996790409088,-0.0791776180267334,0.027670007199048996,0.16873574256896973,0.8036172389984131,0.2861328125,0.005859375,0.107421875,0.0
809,828416,0.12246093153953552,3.5625,-0.00887972116470337,-0.023846415802836418,0.03337206318974495,0.17193365097045898,0.5664228200912476,0.28125,0.001953125,0.08984375,0.0
810,829440,0.12509766221046448,3.9375,-0.025307532399892807,-0.039471499621868134,0.031502336263656616,0.15872009098529816,0.8367447853088379,0.28515625,0.0009765625,0.0869140625,0.0
811,830464,0.11474609375,3.4375,-0.032606445252895355,-0.0434221476316452,0.024858226999640465,0.16134130954742432,0.4847208261489868,0.263671875,0.0009765625,0.0849609375,0.0
812,831488,0.12734374403953552,3.609375,-0.052223458886146545,-0.06769532710313797,0.0340489000082016,0.15525825321674347,0.40029850602149963,0.2890625,0.0,0.0859375,0.0
813,832512,0.119140625,3.375,-0.009133360348641872,-0.02028350532054901,0.025536861270666122,0.16182857751846313,0.46216991543769836,0.2724609375,0.0029296875,0.083984375,0.0
814,833536,0.12978515028953552,3.96875,-0.03156323730945587,-0.04436425119638443,0.028853705152869225,0.16258388757705688,0.3386014699935913,0.2900390625,0.0,0.076171875,0.0
815,834560,0.12060546875,3.28125,-0.046168774366378784,-0.059160538017749786,0.029180949553847313,0.15987113118171692,0.5194446444511414,0.2841796875,0.0,0.107421875,0.0
816,835584,0.12480468302965164,3.640625,-0.025614285841584206,-0.037859778851270676,0.0277408380061388,0.16249248385429382,0.7510735988616943,0.2802734375,0.0009765625,0.076171875,0.0
817,836608,0.12529295682907104,3.421875,-0.009876164607703686,-0.02191096916794777,0.027327537536621094,0.16289645433425903,0.7732498049736023,0.2861328125,0.0,0.0888671875,0.0
818,837632,0.12216796725988388,3.890625,0.010259643197059631,-0.0018315603956580162,0.027371451258659363,0.15945222973823547,0.3372913599014282,0.2783203125,0.0,0.0849609375,0.0
819,838656,0.12470702826976776,3.90625,-0.010283750481903553,-0.021775906905531883,0.026109475642442703,0.15625813603401184,0.5178609490394592,0.2861328125,0.001953125,0.0908203125,0.0
820,839680,0.12031249701976776,3.5625,-0.010512281209230423,-0.02308439463376999,0.02843334898352623,0.1644560694694519,0.6476092338562012,0.279296875,0.001953125,0.095703125,0.0
821,840704,0.12802734971046448,4.15625,-0.043195903301239014,-0.056005775928497314,0.02863423526287079,0.1507243812084198,0.44524431228637695,0.287109375,0.0029296875,0.076171875,0.0
822,841728,0.11582030355930328,3.1875,-0.040137432515621185,-0.049628518521785736,0.02215323969721794,0.15855345129966736,0.40345877408981323,0.2724609375,0.0029296875,0.1005859375,0.0
823,842752,0.11904296278953552,3.15625,-0.017813608050346375,-0.029160644859075546,0.02599186822772026,0.16488966345787048,0.8104701042175293,0.2734375,0.0009765625,0.087890625,0.0
824,843776,0.12441405653953552,3.234375,-0.01322732400149107,-0.02580014243721962,0.02818598598241806,0.1520174741744995,0.35274431109428406,0.28515625,0.0,0.0908203125,0.0
825,844800,0.12148436903953552,3.4375,-0.012260942719876766,-0.023247921839356422,0.024909112602472305,0.14675769209861755,0.6144641041755676,0.28125,0.0,0.095703125,0.0
826,845824,0.12724608182907104,3.421875,-0.047196369618177414,-0.05783155560493469,0.024382716044783592,0.1556173861026764,0.6076677441596985,0.291015625,0.0009765625,0.0908203125,0.0
827,846848,0.12773436307907104,3.265625,-0.010266066528856754,-0.023136982694268227,0.028591696172952652,0.14249321818351746,0.5763245224952698,0.296875,0.00390625,0.1015625,0.0
828,847872,0.13320311903953552,4.171875,-0.019711561501026154,-0.03306586667895317,0.02962270751595497,0.14570486545562744,0.7216405272483826,0.296875,0.00390625,0.07421875,0.0
829,848896,0.11464843153953552,3.046875,-0.002326419111341238,-0.013229544274508953,0.024898501113057137,0.15461252629756927,0.7376784682273865,0.2705078125,0.0009765625,0.1025390625,0.0
830,849920,0.12812501192092896,3.453125,-0.04503409564495087,-0.05994310602545738,0.03305506706237793,0.16185227036476135,0.6707708835601807,0.2900390625,0.0009765625,0.083984375,0.0
831,850944,0.11591796576976776,3.640625,-0.006859479937702417,-0.02151568792760372,0.03249742090702057,0.15925024449825287,0.7856494784355164,0.267578125,0.0009765625,0.0888671875,0.0
832,851968,0.12353515625,3.75,-0.012297837994992733,-0.024995427578687668,0.028673965483903885,0.16393932700157166,0.6195247173309326,0.28125,0.0009765625,0.0849609375,0.0
833,852992,0.13339844346046448,3.953125,-0.002618527738377452,-0.021025124937295914,0.03969128057360649,0.14390431344509125,0.6236429214477539,0.30078125,0.0,0.0849609375,0.0
834,854016,0.12314452975988388,3.671875,-0.008925754576921463,-0.022490467876195908,0.030305612832307816,0.1588093489408493,0.3792552947998047,0.2822265625,0.0,0.08984375,0.0
835,855040,0.12070312350988388,3.765625,-0.06393631547689438,-0.07361603528261185,0.02257605828344822,0.16083091497421265,0.6227237582206726,0.2763671875,0.0029296875,0.0859375,0.0
836,856064,0.12050781399011612,3.234375,-0.035625968128442764,-0.048202112317085266,0.028128955513238907,0.14883312582969666,0.46595656871795654,0.28125,0.00390625,0.0986328125,0.0
837,857088,0.11845702677965164,3.765625,-0.05627036839723587,-0.06594954431056976,0.022601038217544556,0.16213446855545044,0.9033828377723694,0.2666015625,0.001953125,0.0732421875,0.0
838,858112,0.12246093153953552,3.28125,-0.022951442748308182,-0.03787974268198013,0.03295222297310829,0.15478107333183289,0.46284541487693787,0.287109375,0.0,0.10546875,0.0
839,859136,0.12490233778953552,3.734375,-0.013147840276360512,-0.02804741822183132,0.03248177468776703,0.13413098454475403,0.3991093039512634,0.291015625,0.0029296875,0.1015625,0.0
840,860160,0.11953125149011612,3.375,-0.013495981693267822,-0.027807028964161873,0.0317232683300972,0.15505871176719666,0.4316895306110382,0.26953125,0.001953125,0.0751953125,0.0
841,861184,0.12880858778953552,3.265625,-0.0008992027724161744,-0.01431343611329794,0.02992752380669117,0.15495285391807556,0.7528594136238098,0.2939453125,0.001953125,0.08984375,0.0
842,862208,0.12138671427965164,4.21875,-0.03322794660925865,-0.04985729977488518,0.03650294616818428,0.16221217811107635,0.4877942204475403,0.2724609375,0.0,0.07421875,0.0
843,863232,0.12246093153953552,4.078125,-0.006951111368834972,-0.01921687461435795,0.027634697034955025,0.15515853464603424,0.7018229365348816,0.279296875,0.0,0.0859375,0.0
844,864256,0.12392578274011612,3.796875,-0.01706596650183201,-0.02884203940629959,0.026666361838579178,0.15571075677871704,0.451865017414093,0.279296875,0.0009765625,0.078125,0.0
845,865280,0.13437500596046448,3.90625,-0.02953454852104187,-0.04518624395132065,0.034316286444664,0.1506446897983551,0.3297564685344696,0.3037109375,0.0009765625,0.0869140625,0.0
846,866304,0.12568359076976776,2.921875,-0.00869133323431015,-0.021098023280501366,0.02779603749513626,0.1491328775882721,0.4747776389122009,0.2919921875,0.0,0.1015625,0.0
847,867328,0.11416015028953552,3.09375,0.0019529529381543398,-0.010918807238340378,0.028956258669495583,0.16063691675662994,0.4302809238433838,0.2685546875,0.0,0.1005859375,0.0
848,868352,0.11689452826976776,2.90625,-0.05387299507856369,-0.06470902264118195,0.02471061237156391,0.15192794799804688,0.8389987349510193,0.271484375,0.0009765625,0.09375,0.0
849,869376,0.12392577528953552,3.390625,-0.005529506132006645,-0.0195624902844429,0.031148787587881088,0.15414094924926758,0.5464091897010803,0.2822265625,0.0,0.0859375,0.0
850,870400,0.1259765625,4.40625,-0.028450950980186462,-0.04273751378059387,0.031497202813625336,0.146203875541687,0.5983737707138062,0.28515625,0.001953125,0.08203125,0.0
851,871424,0.12255859375,3.484375,-0.05088723450899124,-0.0642823725938797,0.029912885278463364,0.1561305820941925,0.426805317401886,0.2861328125,0.001953125,0.1015625,0.0
852,872448,0.13300780951976776,4.34375,-0.0316142737865448,-0.04309492185711861,0.026204964146018028,0.16218332946300507,0.5506711602210999,0.2919921875,0.0009765625,0.064453125,0.0
853,873472,0.12109375,3.875,-0.002352692186832428,-0.0162479430437088,0.03092782385647297,0.15686610341072083,0.6452945470809937,0.2783203125,0.0009765625,0.08984375,0.0
854,874496,0.1235351487994194,3.375,-0.008598646149039268,-0.02331470139324665,0.03233086317777634,0.14493760466575623,0.5457417368888855,0.283203125,0.0009765625,0.08984375,0.0
855,875520,0.119140625,3.703125,-0.01893654279410839,-0.0331985168159008,0.0315704271197319,0.15232393145561218,0.9026715755462646,0.2724609375,0.0048828125,0.0830078125,0.0
856,876544,0.12167969346046448,3.484375,-0.00612911069765687,-0.01978987269103527,0.03009781241416931,0.13881443440914154,0.7081632614135742,0.2802734375,0.0009765625,0.091796875,0.0
857,877568,0.1225585862994194,3.21875,-0.034577734768390656,-0.04389267414808273,0.021434113383293152,0.14021159708499908,0.42730867862701416,0.2822265625,0.0,0.0927734375,0.0
858,878592,0.12050780653953552,3.421875,-0.017920073121786118,-0.02977621741592884,0.02695446088910103,0.16210854053497314,0.5337426662445068,0.27734375,0.001953125,0.08984375,0.0
859,879616,0.11972656846046448,3.546875,-0.004639245569705963,-0.013972224667668343,0.02181759662926197,0.15758194029331207,0.27872762084007263,0.26953125,0.001953125,0.07421875,0.0
860,880640,0.11806640028953552,3.625,-0.016280775889754295,-0.025945967063307762,0.022440124303102493,0.15548716485500336,0.7188810110092163,0.2724609375,0.001953125,0.08984375,0.0
861,881664,0.12421874701976776,3.78125,-0.01942436955869198,-0.0330825112760067,0.03061654604971409,0.16501304507255554,0.9178203344345093,0.28125,0.00390625,0.080078125,0.0
862,882688,0.11992187052965164,3.6875,-0.02697681449353695,-0.03751540184020996,0.023923056200146675,0.14229390025138855,0.3526856303215027,0.271484375,0.001953125,0.078125,0.0
863,883712,0.12470702826976776,4.125,-0.04018591716885567,-0.05231984704732895,0.027224591001868248,0.14783655107021332,0.3875562846660614,0.283203125,0.0029296875,0.0830078125,0.0
864,884736,0.11611327528953552,3.265625,-0.031742312014102936,-0.04340052604675293,0.026255767792463303,0.14696699380874634,0.5160751938819885,0.271484375,0.0009765625,0.09765625,0.0
865,885760,0.12177734076976776,3.40625,-0.03343891352415085,-0.045525550842285156,0.027211081236600876,0.15189039707183838,0.4365410804748535,0.28125,0.0009765625,0.09375,0.0
866,886784,0.11826171725988388,3.890625,-0.014787696301937103,-0.025143131613731384,0.023642506450414658,0.1465817540884018,0.5772764086723328,0.267578125,0.0009765625,0.0771484375,0.0
867,887808,0.119140625,3.75,-0.028950748965144157,-0.03957176208496094,0.024438396096229553,0.15981857478618622,0.463230699300766,0.2734375,0.001953125,0.0869140625,0.0
868,888832,0.11679687350988388,3.5625,-0.04651297628879547,-0.05632151663303375,0.022749871015548706,0.15663966536521912,0.7603617310523987,0.267578125,0.0,0.0849609375,0.0
869,889856,0.12353515625,3.453125,-0.02603987418115139,-0.03754006326198578,0.026281503960490227,0.1640564650297165,0.4665725827217102,0.2841796875,0.0,0.0927734375,0.0
870,890880,0.115234375,3.375,-0.027067361399531364,-0.03533512353897095,0.019508324563503265,0.14864003658294678,1.097220540046692,0.2685546875,0.0009765625,0.0947265625,0.0
871,891904,0.11962890625,3.515625,-0.010109055787324905,-0.0203351229429245,0.023806244134902954,0.1677054762840271,0.3373721241950989,0.2744140625,0.0,0.087890625,0.0
872,892928,0.11835937201976776,3.46875,-0.026515360921621323,-0.03687668219208717,0.023778226226568222,0.15277917683124542,0.7411963939666748,0.2724609375,0.0029296875,0.087890625,0.0
873,893952,0.12617187201976776,3.4375,-0.006538929883390665,-0.019874345511198044,0.02936829812824726,0.13487333059310913,0.40423712134361267,0.2900390625,0.0009765625,0.09375,0.0
874,894976,0.11679686605930328,3.90625,-0.033917512744665146,-0.04513002932071686,0.025506800040602684,0.15408861637115479,0.5151526927947998,0.2646484375,0.0009765625,0.0771484375,0.0
875,896000,0.12841796875,4.40625,-0.021470120176672935,-0.03158837929368019,0.023199502378702164,0.14814922213554382,0.40210479497909546,0.2861328125,0.0,0.0732421875,0.0
876,897024,0.13300780951976776,3.71875,-0.026223063468933105,-0.04252733290195465,0.035555556416511536,0.14735087752342224,0.35588786005973816,0.3056640625,0.0009765625,0.0986328125,0.0
877,898048,0.11962890625,3.6875,-0.02345161698758602,-0.03254556655883789,0.02088540978729725,0.13487550616264343,0.42357829213142395,0.2744140625,0.0,0.087890625,0.0
878,899072,0.12529295682907104,3.25,-0.02112656831741333,-0.031558915972709656,0.023865412920713425,0.15003591775894165,0.2825024724006653,0.2890625,0.0009765625,0.095703125,0.0
879,900096,0.125,3.203125,-0.04034746065735817,-0.05233711749315262,0.02710909955203533,0.15648941695690155,0.47569403052330017,0.287109375,0.001953125,0.091796875,0.0
880,901120,0.12685546278953552,3.203125,-0.017445936799049377,-0.029719294980168343,0.027388039976358414,0.14206627011299133,0.5247096419334412,0.2900390625,0.0,0.0908203125,0.0
881,902144,0.12539061903953552,3.359375,-0.021910710260272026,-0.03388410806655884,0.026853905990719795,0.14535537362098694,0.3206407129764557,0.28515625,0.001953125,0.0849609375,0.0
882,903168,0.12509766221046448,3.40625,-0.044864024966955185,-0.05641092360019684,0.026276174932718277,0.15911859273910522,0.5969470143318176,0.28515625,0.0009765625,0.0869140625,0.0
883,904192,0.12451171875,3.609375,-0.005266377702355385,-0.017010383307933807,0.026203906163573265,0.1357947736978531,0.609431803226471,0.2861328125,0.0,0.0927734375,0.0
884,905216,0.12480469048023224,3.34375,-0.00795641727745533,-0.02015160396695137,0.02739083021879196,0.15002280473709106,0.719342052936554,0.2861328125,0.0048828125,0.0888671875,0.0
885,906240,0.12080077826976776,3.53125,0.0008644683985039592,-0.010942837223410606,0.026368150487542152,0.13767696917057037,0.46073824167251587,0.2763671875,0.0,0.0869140625,0.0
886,907264,0.1249999925494194,3.484375,-0.024080025032162666,-0.037154555320739746,0.028922323137521744,0.13866309821605682,0.5662330389022827,0.2841796875,0.0009765625,0.0849609375,0.0
887,908288,0.12382812052965164,4.015625,-0.011827739886939526,-0.023873567581176758,0.02694498561322689,0.14266648888587952,0.5530152320861816,0.275390625,0.0,0.0693359375,0.0
888,909312,0.12636718153953552,4.4375,-0.05228840932250023,-0.06299653649330139,0.02419443242251873,0.13890890777111053,0.46370193362236023,0.2822265625,0.0009765625,0.0732421875,0.0
889,910336,0.12490234524011612,4.140625,-0.05627875030040741,-0.06988880783319473,0.03008498065173626,0.1432434618473053,0.4995929002761841,0.2841796875,0.00390625,0.083984375,0.0
890,911360,0.11923827975988388,3.765625,-0.0013515824684873223,-0.010466078296303749,0.021170038729906082,0.1470523625612259,0.5538713335990906,0.27734375,0.0029296875,0.095703125,0.0
891,912384,0.11757811903953552,3.453125,-0.02518581971526146,-0.036608368158340454,0.02591882273554802,0.1536862701177597,0.5967949032783508,0.2734375,0.0,0.095703125,0.0
892,913408,0.11796874552965164,3.34375,-0.04402795433998108,-0.059284012764692307,0.033452197909355164,0.1470039337873459,0.43974316120147705,0.2705078125,0.0009765625,0.0859375,0.0
893,914432,0.1279296875,3.84375,-0.017487043514847755,-0.03414556756615639,0.03642970323562622,0.15563267469406128,0.6942434906959534,0.2880859375,0.0068359375,0.0771484375,0.0
894,915456,0.12529297173023224,3.90625,-0.01825932040810585,-0.031970903277397156,0.030223416164517403,0.14001236855983734,0.47662270069122314,0.2841796875,0.0,0.083984375,0.0
895,916480,0.12431640923023224,4.0,-0.06618295609951019,-0.0761762261390686,0.023041848093271255,0.15276505053043365,0.4432327151298523,0.2822265625,0.001953125,0.0830078125,0.0
896,917504,0.12060546875,3.328125,-0.020502330735325813,-0.03217258304357529,0.026164047420024872,0.14117705821990967,0.4822951555252075,0.28125,0.0009765625,0.099609375,0.0
897,918528,0.12128905951976776,3.765625,-0.047394316643476486,-0.06068246811628342,0.029615778475999832,0.1519734263420105,0.515011191368103,0.2744140625,0.0009765625,0.0791015625,0.0
898,919552,0.11787109076976776,3.390625,-0.001231772475875914,-0.010711906477808952,0.02209034562110901,0.15650388598442078,0.44812336564064026,0.2705078125,0.001953125,0.0859375,0.0
899,920576,0.12333984673023224,3.296875,-0.04379403963685036,-0.05293425917625427,0.02116672694683075,0.14431436359882355,0.8419224619865417,0.2841796875,0.0,0.09375,0.0
900,921600,0.12480469048023224,2.921875,-0.00528840534389019,-0.017659518867731094,0.027676524594426155,0.14671489596366882,0.45973607897758484,0.287109375,0.0,0.09375,0.0
901,922624,0.13320311903953552,4.078125,-0.013205530121922493,-0.025799069553613663,0.02791285514831543,0.1362888514995575,0.6371136903762817,0.2939453125,0.0009765625,0.068359375,0.0
902,923648,0.12763671576976776,3.640625,-0.0023856116458773613,-0.015615902841091156,0.02956189587712288,0.15506568551063538,0.39476361870765686,0.29296875,0.0009765625,0.09375,0.0
903,924672,0.12324219197034836,3.8125,-0.019906599074602127,-0.03000686503946781,0.023020435124635696,0.1409951150417328,0.45312678813934326,0.283203125,0.001953125,0.0908203125,0.0
904,925696,0.12382812052965164,3.734375,-0.004479375667870045,-0.016567204147577286,0.02704562246799469,0.1434982568025589,0.5460482835769653,0.2841796875,0.0009765625,0.0908203125,0.0
905,926720,0.12324218451976776,3.453125,-0.021865960210561752,-0.032795362174510956,0.024706793949007988,0.1423996388912201,0.48603856563568115,0.2822265625,0.0009765625,0.0888671875,0.0
906,927744,0.12548828125,4.046875,-0.031502410769462585,-0.04258265346288681,0.024874340742826462,0.13569268584251404,0.5767285227775574,0.2822265625,0.0,0.078125,0.0
907,928768,0.12265624105930328,3.859375,-0.03805968910455704,-0.04939933866262436,0.02563764713704586,0.14791768789291382,0.5268715023994446,0.2783203125,0.0009765625,0.08203125,0.0
908,929792,0.12539061903953552,3.78125,-0.06068279594182968,-0.07238098978996277,0.026454860344529152,0.15292368829250336,1.032000184059143,0.2880859375,0.0048828125,0.0908203125,0.0
909,930816,0.12578125298023224,3.65625,-0.04029116407036781,-0.05271890014410019,0.027735799551010132,0.14401641488075256,0.6636649370193481,0.28515625,0.0,0.083984375,0.0
910,931840,0.11640624701976776,3.390625,-0.05250069126486778,-0.06338147073984146,0.02468445524573326,0.14614485204219818,0.4927078187465668,0.26953125,0.001953125,0.0908203125,0.0
911,932864,0.13232421875,3.546875,-0.01821114495396614,-0.03046729601919651,0.027618706226348877,0.15532027184963226,0.896673858165741,0.2998046875,0.0,0.087890625,0.0
912,933888,0.12392577528953552,3.96875,-0.039861049503088,-0.05427921563386917,0.03179364651441574,0.14786571264266968,0.622312068939209,0.2861328125,0.001953125,0.0947265625,0.0
913,934912,0.1279296875,3.53125,-0.02290148101747036,-0.03826374560594559,0.033728331327438354,0.15019015967845917,0.6565947532653809,0.2939453125,0.0009765625,0.0947265625,0.0
914,935936,0.11943359673023224,3.140625,-0.015210551209747791,-0.02624308317899704,0.025068633258342743,0.150178462266922,0.8130502104759216,0.2763671875,0.0,0.09375,0.0
915,936960,0.13134765625,3.96875,-0.016050070524215698,-0.031089898198843002,0.03277180343866348,0.13460734486579895,0.42433279752731323,0.2958984375,0.0,0.0830078125,0.0
916,937984,0.12382812052965164,3.625,-0.019331132993102074,-0.03124012053012848,0.026658106595277786,0.14200656116008759,0.3828015923500061,0.2841796875,0.0029296875,0.08984375,0.0
917,939008,0.12705077230930328,3.421875,-0.037845954298973083,-0.050206638872623444,0.027477391064167023,0.13780128955841064,0.5065842866897583,0.2890625,0.0009765625,0.0869140625,0.0
918,940032,0.13300780951976776,3.859375,-0.014027436263859272,-0.03187459334731102,0.03855789452791214,0.1431790292263031,0.3539491891860962,0.3037109375,0.0009765625,0.09375,0.0
919,941056,0.11748046427965164,3.265625,-0.040180884301662445,-0.05004306137561798,0.022790847346186638,0.15332470834255219,0.5419760942459106,0.2724609375,0.001953125,0.0927734375,0.0
920,942080,0.12861327826976776,3.75,-0.04081001505255699,-0.0559888519346714,0.03286561742424965,0.12539738416671753,0.7472007870674133,0.2880859375,0.0,0.0771484375,0.0
921,943104,0.12080077826976776,3.25,-0.012828122824430466,-0.023182228207588196,0.02358064241707325,0.14362162351608276,0.8023732304573059,0.27734375,0.0009765625,0.0888671875,0.0
922,944128,0.11542968451976776,3.390625,-0.026397472247481346,-0.03641184791922569,0.02291092462837696,0.14410850405693054,0.4272992014884949,0.267578125,0.001953125,0.0908203125,0.0
923,945152,0.11787109076976776,3.578125,-0.03138347715139389,-0.043756429105997086,0.027319837361574173,0.12869663536548615,0.5478894710540771,0.2666015625,0.0,0.0771484375,0.0
924,946176,0.1240234300494194,3.484375,-0.039322420954704285,-0.05044896900653839,0.024879854172468185,0.13133811950683594,0.443713515996933,0.287109375,0.0,0.09765625,0.0
925,947200,0.12314452230930328,3.75,-0.01756255514919758,-0.029701730236411095,0.026766948401927948,0.12442997097969055,0.46189701557159424,0.28125,0.0009765625,0.0869140625,0.0
926,948224,0.12021483480930328,3.796875,-0.07493197172880173,-0.08456307649612427,0.021738402545452118,0.12380968034267426,0.49780723452568054,0.2744140625,0.001953125,0.083984375,0.0
927,949248,0.12607420980930328,3.765625,-0.03329131379723549,-0.04392581433057785,0.023905020207166672,0.13180115818977356,0.5315769910812378,0.2900390625,0.0,0.0947265625,0.0
928,950272,0.11699219048023224,3.484375,-0.016263000667095184,-0.02710491418838501,0.02428426593542099,0.13002188503742218,0.5070708990097046,0.26953125,0.001953125,0.087890625,0.0
929,951296,0.11962890625,3.546875,-0.00021223793737590313,-0.011734401807188988,0.025693360716104507,0.13245165348052979,0.44074180722236633,0.2705078125,0.0,0.078125,0.0
930,952320,0.12753906846046448,3.875,-0.015909135341644287,-0.027456995099782944,0.02575770393013954,0.13309931755065918,0.3800894320011139,0.2880859375,0.0009765625,0.08203125,0.0
931,953344,0.12343749403953552,3.65625,-0.016814423725008965,-0.029373303055763245,0.02789166197180748,0.13869521021842957,0.5240893363952637,0.2822265625,0.0009765625,0.087890625,0.0
932,954368,0.12812499701976776,3.6875,-0.027684153988957405,-0.03995542228221893,0.027114111930131912,0.12857872247695923,0.6660876274108887,0.2900390625,0.0009765625,0.083984375,0.0
933,955392,0.12656250596046448,3.796875,0.009007367305457592,-0.003997384570538998,0.028645984828472137,0.13182401657104492,0.5024459958076477,0.2880859375,0.0009765625,0.0869140625,0.0
934,956416,0.12021484225988388,3.390625,-0.06252718716859818,-0.07289069145917892,0.02331547625362873,0.1294230818748474,0.901394784450531,0.2744140625,0.001953125,0.083984375,0.0
935,957440,0.12226562201976776,3.625,-0.03511839732527733,-0.047625742852687836,0.027809016406536102,0.1397162824869156,0.8228967785835266,0.2763671875,0.0009765625,0.0791015625,0.0
936,958464,0.11933593451976776,3.421875,-0.03217979148030281,-0.04228883981704712,0.023079978302121162,0.14309385418891907,0.830921471118927,0.2763671875,0.0009765625,0.09375,0.0
937,959488,0.12812499701976776,4.125,-0.002591585274785757,-0.01734461821615696,0.03217889741063118,0.1336415708065033,0.33790260553359985,0.291015625,0.0,0.0869140625,0.0
938,960512,0.11679687350988388,3.53125,-0.0034914170391857624,-0.013376869261264801,0.022463854402303696,0.13464748859405518,0.47147849202156067,0.2724609375,0.0029296875,0.095703125,0.0
939,961536,0.1206054612994194,3.453125,-0.005941046867519617,-0.015580867417156696,0.021891262382268906,0.1305810511112213,0.4277103841304779,0.2744140625,0.0,0.0830078125,0.0
940,962560,0.12080077826976776,3.90625,-0.015092224813997746,-0.026656078174710274,0.02574002370238304,0.13061584532260895,0.4782441258430481,0.2705078125,0.0,0.072265625,0.0
941,963584,0.12343749403953552,3.953125,-0.0008842522511258721,-0.014926698058843613,0.030698662623763084,0.13068854808807373,0.5666065812110901,0.2783203125,0.0009765625,0.078125,0.0
942,964608,0.1279296875,3.703125,-0.05809998884797096,-0.07185451686382294,0.029961850494146347,0.12263993918895721,0.6771648526191711,0.291015625,0.0,0.087890625,0.0
943,965632,0.12558594346046448,4.09375,0.0027689733542501926,-0.00817777868360281,0.024689944460988045,0.13982200622558594,0.42977797985076904,0.2822265625,0.0009765625,0.0771484375,0.0
944,966656,0.11513671278953552,3.734375,-0.011772463098168373,-0.02526882477104664,0.02971867471933365,0.13629759848117828,0.4240629971027374,0.265625,0.0009765625,0.087890625,0.0
945,967680,0.12470702081918716,3.546875,-0.005919487681239843,-0.01602507382631302,0.022832434624433517,0.13106313347816467,0.29594889283180237,0.28515625,0.0009765625,0.0888671875,0.0
946,968704,0.13242186605930328,4.0,-0.004261244088411331,-0.01813378371298313,0.03032916784286499,0.12920443713665009,0.5067670941352844,0.294921875,0.0,0.0751953125,0.0
947,969728,0.11777343600988388,3.5,-0.0309867262840271,-0.04132546856999397,0.023429304361343384,0.13759097456932068,0.48988762497901917,0.2734375,0.0,0.0947265625,0.0
948,970752,0.12363281100988388,3.65625,-0.030641712248325348,-0.04292549937963486,0.027192015200853348,0.13122212886810303,0.4980090260505676,0.28125,0.001953125,0.083984375,0.0
949,971776,0.126953125,3.53125,-0.03641289100050926,-0.04475254938006401,0.019207216799259186,0.12639500200748444,0.28163495659828186,0.291015625,0.0,0.0927734375,0.0
950,972800,0.12626953423023224,3.578125,-0.04236255958676338,-0.05369832366704941,0.025218365713953972,0.12734195590019226,0.36502256989479065,0.287109375,0.0009765625,0.0859375,0.0
951,973824,0.12333983182907104,4.140625,0.013770576566457748,0.0017657959833741188,0.02678339183330536,0.13869155943393707,0.4176264703273773,0.279296875,0.0009765625,0.0810546875,0.0
952,974848,0.12900391221046448,3.90625,-0.000810702214948833,-0.016351111233234406,0.0336681567132473,0.129366934299469,0.6379136443138123,0.2900390625,0.0,0.080078125,0.0
953,975872,0.12314452975988388,3.5,-0.017469432204961777,-0.0266835056245327,0.021068328991532326,0.13200902938842773,0.6975670456886292,0.283203125,0.0029296875,0.0908203125,0.0
954,976896,0.12529295682907104,3.703125,-0.05809204280376434,-0.07031905651092529,0.02718903124332428,0.1367502212524414,0.7202061414718628,0.2822265625,0.0,0.0791015625,0.0
955,977920,0.1298828125,3.671875,-0.010260183364152908,-0.024570150300860405,0.031220581382513046,0.13003236055374146,0.8340272307395935,0.298828125,0.0,0.09765625,0.0
956,978944,0.12099608778953552,3.21875,-0.028331641107797623,-0.040327757596969604,0.02680887281894684,0.14083202183246613,0.6673851609230042,0.279296875,0.0009765625,0.0927734375,0.0
957,979968,0.12724608182907104,3.296875,-0.022118855267763138,-0.033573638647794724,0.025423496961593628,0.12569651007652283,0.46580755710601807,0.2890625,0.0009765625,0.0859375,0.0
958,980992,0.12216795980930328,3.84375,0.016712618991732597,0.006058472208678722,0.02382897399365902,0.1260339766740799,0.3636018633842468,0.2763671875,0.0,0.080078125,0.0
959,982016,0.12294921278953552,3.703125,-0.04553140699863434,-0.056541115045547485,0.024643070995807648,0.13118278980255127,0.3876170814037323,0.28125,0.0009765625,0.087890625,0.0
960,983040,0.11699218302965164,3.5625,0.0022818548604846,-0.0068048592656850815,0.02079315111041069,0.13098615407943726,0.3259020149707794,0.2705078125,0.0009765625,0.0908203125,0.0
961,984064,0.1249999925494194,4.515625,-0.03953938186168671,-0.0524410679936409,0.028324242681264877,0.12604375183582306,0.5676742792129517,0.2783203125,0.0009765625,0.0703125,0.0
962,985088,0.12656250596046448,4.78125,-0.04055660963058472,-0.054768405854701996,0.03084591217339039,0.12111587822437286,0.6894333362579346,0.2822265625,0.0009765625,0.072265625,0.0
963,986112,0.12558592855930328,3.828125,-0.006331189069896936,-0.01931893639266491,0.02827845886349678,0.11514820158481598,0.4652711749076843,0.287109375,0.0,0.08984375,0.0
964,987136,0.12822264432907104,3.609375,-0.002831016667187214,-0.01390800066292286,0.024491537362337112,0.1168784648180008,0.5712761878967285,0.2890625,0.0009765625,0.0810546875,0.0
965,988160,0.13134765625,3.71875,-0.002099317032843828,-0.01362260989844799,0.025362953543663025,0.11581838876008987,0.3515337407588959,0.2958984375,0.0,0.0830078125,0.0
966,989184,0.13037109375,4.171875,-0.004872972145676613,-0.02136930078268051,0.03558014705777168,0.12937450408935547,0.5602417588233948,0.2919921875,0.0,0.078125,0.0
967,990208,0.11757812649011612,3.84375,-0.0055964491330087185,-0.017984185367822647,0.027297884225845337,0.12612059712409973,0.6778968572616577,0.265625,0.0,0.076171875,0.0
968,991232,0.12480468302965164,4.1875,-0.05214258283376694,-0.06253237277269363,0.02329511009156704,0.1257765293121338,0.4930920898914337,0.28125,0.001953125,0.078125,0.0
969,992256,0.12343749403953552,3.71875,-0.024890845641493797,-0.0362325981259346,0.025407416746020317,0.13619573414325714,0.40101486444473267,0.28125,0.0,0.0859375,0.0
970,993280,0.12773436307907104,3.484375,-0.03408367186784744,-0.04622630774974823,0.02693713642656803,0.13259311020374298,0.7692338228225708,0.296875,0.00390625,0.1015625,0.0
971,994304,0.12685546278953552,4.0,-0.018548019230365753,-0.030770964920520782,0.026814039796590805,0.1184074729681015,0.7645062804222107,0.287109375,0.0009765625,0.0830078125,0.0
972,995328,0.12294920533895493,4.140625,0.006248801946640015,-0.0076502300798892975,0.03024599514901638,0.1223965659737587,0.6137936115264893,0.2763671875,0.0,0.076171875,0.0
973,996352,0.1201171875,4.4375,-0.023377059027552605,-0.03405534476041794,0.02382814884185791,0.12357882410287857,0.41984185576438904,0.2724609375,0.0009765625,0.080078125,0.0
974,997376,0.12851563096046448,4.078125,-0.010025841183960438,-0.020316805690526962,0.023162774741649628,0.12904228270053864,0.261314332485199,0.2958984375,0.0009765625,0.0966796875,0.0
975,998400,0.11972656100988388,4.28125,-0.019998684525489807,-0.03245829418301582,0.027477029711008072,0.12789061665534973,0.5168359279632568,0.2705078125,0.0048828125,0.0751953125,0.0
976,999424,0.11767578125,4.109375,0.011205022223293781,0.00023560540284961462,0.02456085942685604,0.13110126554965973,0.5944516658782959,0.2685546875,0.00390625,0.0810546875,0.0
977,1000448,0.13037109375,3.703125,-0.02028890885412693,-0.03260018676519394,0.027438249439001083,0.1407846212387085,0.4022907018661499,0.2939453125,0.0,0.0830078125,0.0
978,1001472,0.11933593451976776,3.609375,-0.0408024899661541,-0.049886204302310944,0.02093624323606491,0.13844072818756104,0.43419989943504333,0.2724609375,0.0009765625,0.083984375,0.0
979,1002496,0.12333983927965164,3.8125,0.0005724665243178606,-0.011242336593568325,0.02609107829630375,0.12307360023260117,0.40711846947669983,0.2763671875,0.0,0.07421875,0.0
980,1003520,0.11904296278953552,3.875,-0.014802360907196999,-0.024007361382246017,0.02104007452726364,0.13150368630886078,0.32388022541999817,0.26953125,0.0009765625,0.078125,0.0
981,1004544,0.12675780057907104,3.71875,-0.04191035404801369,-0.05618686228990555,0.0310128852725029,0.12299347668886185,0.7327452898025513,0.287109375,0.001953125,0.0830078125,0.0
982,1005568,0.12333983927965164,3.15625,-0.029639823362231255,-0.041070349514484406,0.025292016565799713,0.12154821306467056,0.30840864777565,0.283203125,0.0009765625,0.0908203125,0.0
983,1006592,0.12070311605930328,3.390625,-0.011155582033097744,-0.02133927494287491,0.02296397089958191,0.12982924282550812,0.5378429293632507,0.275390625,0.0,0.0849609375,0.0
984,1007616,0.12392577528953552,3.53125,-0.026063591241836548,-0.03498419374227524,0.020557917654514313,0.13583555817604065,0.6666982769966125,0.2802734375,0.00390625,0.0791015625,0.0
985,1008640,0.12617188692092896,3.40625,0.0015647332184016705,-0.008592105470597744,0.022818539291620255,0.12524309754371643,0.3534699082374573,0.287109375,0.0,0.0869140625,0.0
986,1009664,0.12861327826976776,4.0625,-0.004385269712656736,-0.01618749462068081,0.026286602020263672,0.13410761952400208,0.32296302914619446,0.2880859375,0.0,0.0771484375,0.0
987,1010688,0.12109375,4.140625,-0.009932889603078365,-0.02130400948226452,0.025196293368935585,0.12270265817642212,0.7635300755500793,0.2734375,0.001953125,0.0771484375,0.0
988,1011712,0.1298828125,3.78125,-0.014589491300284863,-0.024688929319381714,0.022806629538536072,0.13038766384124756,0.32163816690444946,0.2958984375,0.0009765625,0.08984375,0.0
989,1012736,0.11367186903953552,3.5,-0.020225467160344124,-0.03177812695503235,0.02573184110224247,0.13132594525814056,0.5725210905075073,0.265625,0.0,0.095703125,0.0
990,1013760,0.12636718153953552,3.703125,-0.011723487637937069,-0.022424235939979553,0.02377294935286045,0.11857260763645172,0.3414675295352936,0.2900390625,0.0029296875,0.091796875,0.0
991,1014784,0.12548828125,4.078125,-0.00897916778922081,-0.023004138842225075,0.030525607988238335,0.12378329783678055,0.43437787890434265,0.2822265625,0.0,0.078125,0.0
992,1015808,0.11542968451976776,3.34375,-0.016343433409929276,-0.02518361620604992,0.02038830704987049,0.1353970170021057,0.27773311734199524,0.26953125,0.0,0.0966796875,0.0
993,1016832,0.12724608182907104,3.421875,-0.03292278200387955,-0.04452482610940933,0.02571946382522583,0.12576888501644135,0.5120856165885925,0.2919921875,0.0,0.09375,0.0
994,1017856,0.11874999850988388,3.578125,0.012813489884138107,5.999975837767124e-05,0.02789693884551525,0.1194978803396225,0.35799503326416016,0.2744140625,0.0009765625,0.091796875,0.0
995,1018880,0.13037109375,4.046875,-0.02423107996582985,-0.03412086144089699,0.022428913041949272,0.1324676275253296,0.44063079357147217,0.2919921875,0.0,0.078125,0.0
996,1019904,0.12080077826976776,3.84375,-0.03231935203075409,-0.043974921107292175,0.026111669838428497,0.14002658426761627,0.605541467666626,0.2744140625,0.001953125,0.0810546875,0.0
997,1020928,0.12607422471046448,3.46875,-0.030003096908330917,-0.04146463796496391,0.025675911456346512,0.13764147460460663,0.3780442178249359,0.287109375,0.0009765625,0.0869140625,0.0
998,1021952,0.12832030653953552,4.140625,-0.017882604151964188,-0.027181852608919144,0.0210423544049263,0.12219280749559402,0.4296463429927826,0.287109375,0.0,0.076171875,0.0
999,1022976,0.12041015923023224,3.59375,-0.04129249230027199,-0.05194295942783356,0.023946577683091164,0.13228192925453186,0.4203675389289856,0.27734375,0.0009765625,0.0908203125,0.0
1000,1024000,0.12812498211860657,3.65625,-0.0027421354316174984,-0.016505010426044464,0.030054908245801926,0.12645792961120605,0.4812183082103729,0.2890625,0.0,0.08203125,0.0
